"","err.hat","errxy","n","p","prop","err"
"1",0.334666666666667,0.3238,750,10,0.5,0.32012375
"2",0.345333333333333,0.32655,750,10,0.5,0.32012375
"3",0.312,0.3204,750,10,0.5,0.32012375
"4",0.312,0.3106,750,10,0.5,0.32012375
"5",0.346666666666667,0.32395,750,10,0.5,0.32012375
"6",0.346666666666667,0.33255,750,10,0.5,0.32012375
"7",0.330666666666667,0.32135,750,10,0.5,0.32012375
"8",0.289333333333333,0.3126,750,10,0.5,0.32012375
"9",0.292,0.3122,750,10,0.5,0.32012375
"10",0.284,0.31475,750,10,0.5,0.32012375
"11",0.313333333333333,0.32175,750,10,0.5,0.32012375
"12",0.286666666666667,0.3167,750,10,0.5,0.32012375
"13",0.317333333333333,0.3297,750,10,0.5,0.32012375
"14",0.297333333333333,0.3145,750,10,0.5,0.32012375
"15",0.348,0.3283,750,10,0.5,0.32012375
"16",0.332,0.31785,750,10,0.5,0.32012375
"17",0.332,0.31785,750,10,0.5,0.32012375
"18",0.34,0.32185,750,10,0.5,0.32012375
"19",0.333333333333333,0.32005,750,10,0.5,0.32012375
"20",0.3,0.3192,750,10,0.5,0.32012375
"21",0.296,0.31845,750,10,0.5,0.32012375
"22",0.338666666666667,0.33415,750,10,0.5,0.32012375
"23",0.302666666666667,0.32,750,10,0.5,0.32012375
"24",0.338666666666667,0.31405,750,10,0.5,0.32012375
"25",0.306666666666667,0.31235,750,10,0.5,0.32012375
"26",0.316,0.322,750,10,0.5,0.32012375
"27",0.337333333333333,0.3187,750,10,0.5,0.32012375
"28",0.314666666666667,0.3165,750,10,0.5,0.32012375
"29",0.310666666666667,0.31005,750,10,0.5,0.32012375
"30",0.3,0.32315,750,10,0.5,0.32012375
"31",0.337333333333333,0.32885,750,10,0.5,0.32012375
"32",0.316,0.3137,750,10,0.5,0.32012375
"33",0.346666666666667,0.3153,750,10,0.5,0.32012375
"34",0.289333333333333,0.3177,750,10,0.5,0.32012375
"35",0.34,0.3184,750,10,0.5,0.32012375
"36",0.316,0.31975,750,10,0.5,0.32012375
"37",0.301333333333333,0.32445,750,10,0.5,0.32012375
"38",0.278666666666667,0.31105,750,10,0.5,0.32012375
"39",0.326666666666667,0.3232,750,10,0.5,0.32012375
"40",0.345333333333333,0.31985,750,10,0.5,0.32012375
"41",0.365333333333333,0.3405,750,10,0.5,0.32012375
"42",0.325333333333333,0.3264,750,10,0.5,0.32012375
"43",0.314666666666667,0.32685,750,10,0.5,0.32012375
"44",0.326666666666667,0.3182,750,10,0.5,0.32012375
"45",0.325333333333333,0.3215,750,10,0.5,0.32012375
"46",0.326666666666667,0.3202,750,10,0.5,0.32012375
"47",0.357333333333333,0.33795,750,10,0.5,0.32012375
"48",0.330666666666667,0.31555,750,10,0.5,0.32012375
"49",0.356,0.32925,750,10,0.5,0.32012375
"50",0.336,0.33285,750,10,0.5,0.32012375
"51",0.330666666666667,0.3239,750,10,0.5,0.32012375
"52",0.301333333333333,0.306,750,10,0.5,0.32012375
"53",0.321333333333333,0.31685,750,10,0.5,0.32012375
"54",0.308,0.31565,750,10,0.5,0.32012375
"55",0.293333333333333,0.3146,750,10,0.5,0.32012375
"56",0.310666666666667,0.3173,750,10,0.5,0.32012375
"57",0.296,0.32385,750,10,0.5,0.32012375
"58",0.285333333333333,0.3177,750,10,0.5,0.32012375
"59",0.314666666666667,0.32305,750,10,0.5,0.32012375
"60",0.345333333333333,0.32385,750,10,0.5,0.32012375
"61",0.301333333333333,0.3165,750,10,0.5,0.32012375
"62",0.338666666666667,0.328,750,10,0.5,0.32012375
"63",0.333333333333333,0.33045,750,10,0.5,0.32012375
"64",0.341333333333333,0.32485,750,10,0.5,0.32012375
"65",0.308,0.3236,750,10,0.5,0.32012375
"66",0.292,0.32525,750,10,0.5,0.32012375
"67",0.325333333333333,0.32735,750,10,0.5,0.32012375
"68",0.321333333333333,0.3203,750,10,0.5,0.32012375
"69",0.302666666666667,0.3171,750,10,0.5,0.32012375
"70",0.332,0.32155,750,10,0.5,0.32012375
"71",0.316,0.31965,750,10,0.5,0.32012375
"72",0.278666666666667,0.3112,750,10,0.5,0.32012375
"73",0.336,0.31975,750,10,0.5,0.32012375
"74",0.329333333333333,0.33595,750,10,0.5,0.32012375
"75",0.344,0.3244,750,10,0.5,0.32012375
"76",0.286666666666667,0.3189,750,10,0.5,0.32012375
"77",0.350666666666667,0.32755,750,10,0.5,0.32012375
"78",0.342666666666667,0.3362,750,10,0.5,0.32012375
"79",0.32,0.31685,750,10,0.5,0.32012375
"80",0.336,0.32005,750,10,0.5,0.32012375
"81",0.306666666666667,0.3234,750,10,0.5,0.32012375
"82",0.329333333333333,0.32255,750,10,0.5,0.32012375
"83",0.326666666666667,0.32375,750,10,0.5,0.32012375
"84",0.314666666666667,0.32375,750,10,0.5,0.32012375
"85",0.328,0.3226,750,10,0.5,0.32012375
"86",0.318666666666667,0.31475,750,10,0.5,0.32012375
"87",0.308,0.31415,750,10,0.5,0.32012375
"88",0.328,0.31775,750,10,0.5,0.32012375
"89",0.298666666666667,0.31155,750,10,0.5,0.32012375
"90",0.349333333333333,0.3195,750,10,0.5,0.32012375
"91",0.317333333333333,0.3103,750,10,0.5,0.32012375
"92",0.328,0.32165,750,10,0.5,0.32012375
"93",0.321333333333333,0.3195,750,10,0.5,0.32012375
"94",0.305333333333333,0.32215,750,10,0.5,0.32012375
"95",0.278666666666667,0.31695,750,10,0.5,0.32012375
"96",0.358666666666667,0.32545,750,10,0.5,0.32012375
"97",0.308,0.3176,750,10,0.5,0.32012375
"98",0.357333333333333,0.33185,750,10,0.5,0.32012375
"99",0.297333333333333,0.30745,750,10,0.5,0.32012375
"100",0.334666666666667,0.3157,750,10,0.5,0.32012375
"101",0.324,0.31505,750,10,0.5,0.32012375
"102",0.317333333333333,0.32285,750,10,0.5,0.32012375
"103",0.286666666666667,0.30845,750,10,0.5,0.32012375
"104",0.310666666666667,0.3171,750,10,0.5,0.32012375
"105",0.304,0.3144,750,10,0.5,0.32012375
"106",0.286666666666667,0.3111,750,10,0.5,0.32012375
"107",0.301333333333333,0.3207,750,10,0.5,0.32012375
"108",0.305333333333333,0.31785,750,10,0.5,0.32012375
"109",0.294666666666667,0.32485,750,10,0.5,0.32012375
"110",0.345333333333333,0.32415,750,10,0.5,0.32012375
"111",0.318666666666667,0.32955,750,10,0.5,0.32012375
"112",0.309333333333333,0.315,750,10,0.5,0.32012375
"113",0.330666666666667,0.32355,750,10,0.5,0.32012375
"114",0.313333333333333,0.314,750,10,0.5,0.32012375
"115",0.334666666666667,0.31545,750,10,0.5,0.32012375
"116",0.292,0.3282,750,10,0.5,0.32012375
"117",0.306666666666667,0.3194,750,10,0.5,0.32012375
"118",0.32,0.31595,750,10,0.5,0.32012375
"119",0.324,0.32565,750,10,0.5,0.32012375
"120",0.328,0.3197,750,10,0.5,0.32012375
"121",0.309333333333333,0.31705,750,10,0.5,0.32012375
"122",0.330666666666667,0.32755,750,10,0.5,0.32012375
"123",0.296,0.3146,750,10,0.5,0.32012375
"124",0.34,0.3165,750,10,0.5,0.32012375
"125",0.312,0.32385,750,10,0.5,0.32012375
"126",0.316,0.32475,750,10,0.5,0.32012375
"127",0.350666666666667,0.3253,750,10,0.5,0.32012375
"128",0.337333333333333,0.3158,750,10,0.5,0.32012375
"129",0.316,0.31095,750,10,0.5,0.32012375
"130",0.353333333333333,0.33445,750,10,0.5,0.32012375
"131",0.318666666666667,0.31055,750,10,0.5,0.32012375
"132",0.314666666666667,0.3161,750,10,0.5,0.32012375
"133",0.336,0.3379,750,10,0.5,0.32012375
"134",0.324,0.3307,750,10,0.5,0.32012375
"135",0.312,0.3171,750,10,0.5,0.32012375
"136",0.292,0.31355,750,10,0.5,0.32012375
"137",0.312,0.3166,750,10,0.5,0.32012375
"138",0.316,0.32965,750,10,0.5,0.32012375
"139",0.325333333333333,0.31795,750,10,0.5,0.32012375
"140",0.349333333333333,0.3187,750,10,0.5,0.32012375
"141",0.358666666666667,0.32575,750,10,0.5,0.32012375
"142",0.292,0.31355,750,10,0.5,0.32012375
"143",0.337333333333333,0.32565,750,10,0.5,0.32012375
"144",0.308,0.3198,750,10,0.5,0.32012375
"145",0.317333333333333,0.3218,750,10,0.5,0.32012375
"146",0.34,0.31695,750,10,0.5,0.32012375
"147",0.293333333333333,0.32685,750,10,0.5,0.32012375
"148",0.322666666666667,0.32015,750,10,0.5,0.32012375
"149",0.318666666666667,0.31245,750,10,0.5,0.32012375
"150",0.329333333333333,0.3404,750,10,0.5,0.32012375
"151",0.338666666666667,0.3284,750,10,0.5,0.32012375
"152",0.346666666666667,0.3447,750,10,0.5,0.32012375
"153",0.344,0.31885,750,10,0.5,0.32012375
"154",0.328,0.3253,750,10,0.5,0.32012375
"155",0.305333333333333,0.31695,750,10,0.5,0.32012375
"156",0.277333333333333,0.3182,750,10,0.5,0.32012375
"157",0.304,0.3275,750,10,0.5,0.32012375
"158",0.322666666666667,0.32105,750,10,0.5,0.32012375
"159",0.346666666666667,0.316,750,10,0.5,0.32012375
"160",0.345333333333333,0.32265,750,10,0.5,0.32012375
"161",0.342666666666667,0.3349,750,10,0.5,0.32012375
"162",0.294666666666667,0.3186,750,10,0.5,0.32012375
"163",0.324,0.32205,750,10,0.5,0.32012375
"164",0.306666666666667,0.3171,750,10,0.5,0.32012375
"165",0.308,0.3186,750,10,0.5,0.32012375
"166",0.290666666666667,0.314,750,10,0.5,0.32012375
"167",0.290666666666667,0.3109,750,10,0.5,0.32012375
"168",0.294666666666667,0.3227,750,10,0.5,0.32012375
"169",0.317333333333333,0.3087,750,10,0.5,0.32012375
"170",0.337333333333333,0.3191,750,10,0.5,0.32012375
"171",0.298666666666667,0.3086,750,10,0.5,0.32012375
"172",0.317333333333333,0.32145,750,10,0.5,0.32012375
"173",0.342666666666667,0.33335,750,10,0.5,0.32012375
"174",0.328,0.31035,750,10,0.5,0.32012375
"175",0.350666666666667,0.32755,750,10,0.5,0.32012375
"176",0.304,0.31065,750,10,0.5,0.32012375
"177",0.345333333333333,0.3308,750,10,0.5,0.32012375
"178",0.322666666666667,0.31555,750,10,0.5,0.32012375
"179",0.322666666666667,0.3197,750,10,0.5,0.32012375
"180",0.338666666666667,0.3154,750,10,0.5,0.32012375
"181",0.36,0.3274,750,10,0.5,0.32012375
"182",0.297333333333333,0.31755,750,10,0.5,0.32012375
"183",0.32,0.3136,750,10,0.5,0.32012375
"184",0.317333333333333,0.31585,750,10,0.5,0.32012375
"185",0.312,0.32195,750,10,0.5,0.32012375
"186",0.366666666666667,0.32485,750,10,0.5,0.32012375
"187",0.349333333333333,0.3159,750,10,0.5,0.32012375
"188",0.312,0.3207,750,10,0.5,0.32012375
"189",0.293333333333333,0.3231,750,10,0.5,0.32012375
"190",0.325333333333333,0.3289,750,10,0.5,0.32012375
"191",0.301333333333333,0.31845,750,10,0.5,0.32012375
"192",0.310666666666667,0.31695,750,10,0.5,0.32012375
"193",0.324,0.32465,750,10,0.5,0.32012375
"194",0.293333333333333,0.316,750,10,0.5,0.32012375
"195",0.342666666666667,0.31855,750,10,0.5,0.32012375
"196",0.354666666666667,0.33175,750,10,0.5,0.32012375
"197",0.321333333333333,0.31645,750,10,0.5,0.32012375
"198",0.302666666666667,0.32415,750,10,0.5,0.32012375
"199",0.297333333333333,0.32205,750,10,0.5,0.32012375
"200",0.32,0.32175,750,10,0.5,0.32012375
"201",0.348,0.3222,750,10,0.5,0.32012375
"202",0.292,0.3173,750,10,0.5,0.32012375
"203",0.317333333333333,0.31555,750,10,0.5,0.32012375
"204",0.332,0.3172,750,10,0.5,0.32012375
"205",0.313333333333333,0.3136,750,10,0.5,0.32012375
"206",0.336,0.3266,750,10,0.5,0.32012375
"207",0.321333333333333,0.31415,750,10,0.5,0.32012375
"208",0.313333333333333,0.31415,750,10,0.5,0.32012375
"209",0.334666666666667,0.3135,750,10,0.5,0.32012375
"210",0.317333333333333,0.3142,750,10,0.5,0.32012375
"211",0.366666666666667,0.3246,750,10,0.5,0.32012375
"212",0.310666666666667,0.3168,750,10,0.5,0.32012375
"213",0.334666666666667,0.3208,750,10,0.5,0.32012375
"214",0.348,0.329,750,10,0.5,0.32012375
"215",0.346666666666667,0.327,750,10,0.5,0.32012375
"216",0.345333333333333,0.32025,750,10,0.5,0.32012375
"217",0.352,0.32075,750,10,0.5,0.32012375
"218",0.313333333333333,0.31175,750,10,0.5,0.32012375
"219",0.296,0.32425,750,10,0.5,0.32012375
"220",0.326666666666667,0.31875,750,10,0.5,0.32012375
"221",0.341333333333333,0.32215,750,10,0.5,0.32012375
"222",0.322666666666667,0.32325,750,10,0.5,0.32012375
"223",0.329333333333333,0.3344,750,10,0.5,0.32012375
"224",0.314666666666667,0.31535,750,10,0.5,0.32012375
"225",0.309333333333333,0.30935,750,10,0.5,0.32012375
"226",0.350666666666667,0.3193,750,10,0.5,0.32012375
"227",0.297333333333333,0.32415,750,10,0.5,0.32012375
"228",0.341333333333333,0.3244,750,10,0.5,0.32012375
"229",0.309333333333333,0.30975,750,10,0.5,0.32012375
"230",0.286666666666667,0.3202,750,10,0.5,0.32012375
"231",0.282666666666667,0.31645,750,10,0.5,0.32012375
"232",0.302666666666667,0.31025,750,10,0.5,0.32012375
"233",0.325333333333333,0.329,750,10,0.5,0.32012375
"234",0.346666666666667,0.32635,750,10,0.5,0.32012375
"235",0.325333333333333,0.3187,750,10,0.5,0.32012375
"236",0.32,0.32715,750,10,0.5,0.32012375
"237",0.364,0.31825,750,10,0.5,0.32012375
"238",0.308,0.313,750,10,0.5,0.32012375
"239",0.336,0.3154,750,10,0.5,0.32012375
"240",0.313333333333333,0.3197,750,10,0.5,0.32012375
"241",0.344,0.319,750,10,0.5,0.32012375
"242",0.330666666666667,0.3196,750,10,0.5,0.32012375
"243",0.34,0.323,750,10,0.5,0.32012375
"244",0.324,0.3157,750,10,0.5,0.32012375
"245",0.332,0.3113,750,10,0.5,0.32012375
"246",0.333333333333333,0.3176,750,10,0.5,0.32012375
"247",0.301333333333333,0.3134,750,10,0.5,0.32012375
"248",0.330666666666667,0.3095,750,10,0.5,0.32012375
"249",0.338666666666667,0.33125,750,10,0.5,0.32012375
"250",0.306666666666667,0.30725,750,10,0.5,0.32012375
"251",0.318666666666667,0.3315,750,10,0.5,0.32012375
"252",0.338666666666667,0.31305,750,10,0.5,0.32012375
"253",0.369333333333333,0.33825,750,10,0.5,0.32012375
"254",0.312,0.3142,750,10,0.5,0.32012375
"255",0.325333333333333,0.31495,750,10,0.5,0.32012375
"256",0.308,0.32465,750,10,0.5,0.32012375
"257",0.290666666666667,0.3183,750,10,0.5,0.32012375
"258",0.34,0.3243,750,10,0.5,0.32012375
"259",0.310666666666667,0.3272,750,10,0.5,0.32012375
"260",0.38,0.31875,750,10,0.5,0.32012375
"261",0.356,0.3245,750,10,0.5,0.32012375
"262",0.352,0.3225,750,10,0.5,0.32012375
"263",0.308,0.3291,750,10,0.5,0.32012375
"264",0.328,0.3086,750,10,0.5,0.32012375
"265",0.298666666666667,0.32135,750,10,0.5,0.32012375
"266",0.336,0.3173,750,10,0.5,0.32012375
"267",0.305333333333333,0.3088,750,10,0.5,0.32012375
"268",0.358666666666667,0.33145,750,10,0.5,0.32012375
"269",0.325333333333333,0.3285,750,10,0.5,0.32012375
"270",0.326666666666667,0.31535,750,10,0.5,0.32012375
"271",0.36,0.3226,750,10,0.5,0.32012375
"272",0.322666666666667,0.32285,750,10,0.5,0.32012375
"273",0.344,0.33145,750,10,0.5,0.32012375
"274",0.325333333333333,0.31465,750,10,0.5,0.32012375
"275",0.372,0.3288,750,10,0.5,0.32012375
"276",0.294666666666667,0.3195,750,10,0.5,0.32012375
"277",0.308,0.3111,750,10,0.5,0.32012375
"278",0.285333333333333,0.31125,750,10,0.5,0.32012375
"279",0.313333333333333,0.3164,750,10,0.5,0.32012375
"280",0.326666666666667,0.3298,750,10,0.5,0.32012375
"281",0.332,0.3245,750,10,0.5,0.32012375
"282",0.326666666666667,0.32385,750,10,0.5,0.32012375
"283",0.330666666666667,0.323,750,10,0.5,0.32012375
"284",0.348,0.3198,750,10,0.5,0.32012375
"285",0.308,0.3199,750,10,0.5,0.32012375
"286",0.332,0.32485,750,10,0.5,0.32012375
"287",0.310666666666667,0.33265,750,10,0.5,0.32012375
"288",0.372,0.32125,750,10,0.5,0.32012375
"289",0.342666666666667,0.32005,750,10,0.5,0.32012375
"290",0.284,0.3157,750,10,0.5,0.32012375
"291",0.354666666666667,0.32225,750,10,0.5,0.32012375
"292",0.317333333333333,0.3186,750,10,0.5,0.32012375
"293",0.286666666666667,0.3101,750,10,0.5,0.32012375
"294",0.316,0.3142,750,10,0.5,0.32012375
"295",0.34,0.31375,750,10,0.5,0.32012375
"296",0.376,0.33855,750,10,0.5,0.32012375
"297",0.310666666666667,0.3158,750,10,0.5,0.32012375
"298",0.298666666666667,0.31665,750,10,0.5,0.32012375
"299",0.317333333333333,0.3173,750,10,0.5,0.32012375
"300",0.3,0.31305,750,10,0.5,0.32012375
"301",0.361333333333333,0.32175,750,10,0.5,0.32012375
"302",0.333333333333333,0.31285,750,10,0.5,0.32012375
"303",0.325333333333333,0.3214,750,10,0.5,0.32012375
"304",0.329333333333333,0.3228,750,10,0.5,0.32012375
"305",0.346666666666667,0.3282,750,10,0.5,0.32012375
"306",0.373333333333333,0.32005,750,10,0.5,0.32012375
"307",0.322666666666667,0.32015,750,10,0.5,0.32012375
"308",0.336,0.3212,750,10,0.5,0.32012375
"309",0.321333333333333,0.318,750,10,0.5,0.32012375
"310",0.329333333333333,0.31625,750,10,0.5,0.32012375
"311",0.322666666666667,0.31735,750,10,0.5,0.32012375
"312",0.3,0.31455,750,10,0.5,0.32012375
"313",0.301333333333333,0.31495,750,10,0.5,0.32012375
"314",0.330666666666667,0.3167,750,10,0.5,0.32012375
"315",0.344,0.3176,750,10,0.5,0.32012375
"316",0.308,0.3184,750,10,0.5,0.32012375
"317",0.308,0.3052,750,10,0.5,0.32012375
"318",0.326666666666667,0.3157,750,10,0.5,0.32012375
"319",0.305333333333333,0.3148,750,10,0.5,0.32012375
"320",0.3,0.31495,750,10,0.5,0.32012375
"321",0.289333333333333,0.31785,750,10,0.5,0.32012375
"322",0.317333333333333,0.3166,750,10,0.5,0.32012375
"323",0.317333333333333,0.3225,750,10,0.5,0.32012375
"324",0.324,0.31915,750,10,0.5,0.32012375
"325",0.324,0.3258,750,10,0.5,0.32012375
"326",0.317333333333333,0.31255,750,10,0.5,0.32012375
"327",0.332,0.3237,750,10,0.5,0.32012375
"328",0.301333333333333,0.31045,750,10,0.5,0.32012375
"329",0.336,0.31695,750,10,0.5,0.32012375
"330",0.317333333333333,0.31985,750,10,0.5,0.32012375
"331",0.345333333333333,0.32235,750,10,0.5,0.32012375
"332",0.318666666666667,0.3222,750,10,0.5,0.32012375
"333",0.316,0.3152,750,10,0.5,0.32012375
"334",0.304,0.3217,750,10,0.5,0.32012375
"335",0.34,0.3116,750,10,0.5,0.32012375
"336",0.324,0.32535,750,10,0.5,0.32012375
"337",0.337333333333333,0.31645,750,10,0.5,0.32012375
"338",0.329333333333333,0.3198,750,10,0.5,0.32012375
"339",0.281333333333333,0.31415,750,10,0.5,0.32012375
"340",0.318666666666667,0.31915,750,10,0.5,0.32012375
"341",0.330666666666667,0.31785,750,10,0.5,0.32012375
"342",0.310666666666667,0.32305,750,10,0.5,0.32012375
"343",0.322666666666667,0.3251,750,10,0.5,0.32012375
"344",0.326666666666667,0.3164,750,10,0.5,0.32012375
"345",0.325333333333333,0.3325,750,10,0.5,0.32012375
"346",0.304,0.3165,750,10,0.5,0.32012375
"347",0.321333333333333,0.31385,750,10,0.5,0.32012375
"348",0.34,0.3223,750,10,0.5,0.32012375
"349",0.362666666666667,0.3363,750,10,0.5,0.32012375
"350",0.344,0.3144,750,10,0.5,0.32012375
"351",0.328,0.3227,750,10,0.5,0.32012375
"352",0.312,0.3218,750,10,0.5,0.32012375
"353",0.294666666666667,0.31855,750,10,0.5,0.32012375
"354",0.314666666666667,0.32765,750,10,0.5,0.32012375
"355",0.334666666666667,0.32815,750,10,0.5,0.32012375
"356",0.333333333333333,0.31135,750,10,0.5,0.32012375
"357",0.316,0.3246,750,10,0.5,0.32012375
"358",0.336,0.3206,750,10,0.5,0.32012375
"359",0.324,0.3168,750,10,0.5,0.32012375
"360",0.417333333333333,0.3257,750,10,0.5,0.32012375
"361",0.336,0.314,750,10,0.5,0.32012375
"362",0.322666666666667,0.31955,750,10,0.5,0.32012375
"363",0.325333333333333,0.32235,750,10,0.5,0.32012375
"364",0.276,0.3101,750,10,0.5,0.32012375
"365",0.312,0.33265,750,10,0.5,0.32012375
"366",0.322666666666667,0.3192,750,10,0.5,0.32012375
"367",0.32,0.3237,750,10,0.5,0.32012375
"368",0.341333333333333,0.31765,750,10,0.5,0.32012375
"369",0.297333333333333,0.31465,750,10,0.5,0.32012375
"370",0.304,0.3125,750,10,0.5,0.32012375
"371",0.337333333333333,0.3153,750,10,0.5,0.32012375
"372",0.316,0.32105,750,10,0.5,0.32012375
"373",0.318666666666667,0.31755,750,10,0.5,0.32012375
"374",0.337333333333333,0.31215,750,10,0.5,0.32012375
"375",0.328,0.32125,750,10,0.5,0.32012375
"376",0.308,0.3225,750,10,0.5,0.32012375
"377",0.333333333333333,0.32405,750,10,0.5,0.32012375
"378",0.317333333333333,0.3171,750,10,0.5,0.32012375
"379",0.324,0.3137,750,10,0.5,0.32012375
"380",0.328,0.32265,750,10,0.5,0.32012375
"381",0.325333333333333,0.32655,750,10,0.5,0.32012375
"382",0.301333333333333,0.3146,750,10,0.5,0.32012375
"383",0.302666666666667,0.31405,750,10,0.5,0.32012375
"384",0.314666666666667,0.3322,750,10,0.5,0.32012375
"385",0.312,0.3136,750,10,0.5,0.32012375
"386",0.352,0.32615,750,10,0.5,0.32012375
"387",0.312,0.32705,750,10,0.5,0.32012375
"388",0.337333333333333,0.3244,750,10,0.5,0.32012375
"389",0.341333333333333,0.31545,750,10,0.5,0.32012375
"390",0.341333333333333,0.32375,750,10,0.5,0.32012375
"391",0.326666666666667,0.31145,750,10,0.5,0.32012375
"392",0.310666666666667,0.31185,750,10,0.5,0.32012375
"393",0.28,0.3231,750,10,0.5,0.32012375
"394",0.297333333333333,0.32885,750,10,0.5,0.32012375
"395",0.301333333333333,0.31595,750,10,0.5,0.32012375
"396",0.301333333333333,0.3181,750,10,0.5,0.32012375
"397",0.286666666666667,0.30935,750,10,0.5,0.32012375
"398",0.357333333333333,0.3246,750,10,0.5,0.32012375
"399",0.329333333333333,0.3205,750,10,0.5,0.32012375
"400",0.338666666666667,0.323,750,10,0.5,0.32012375
"401",0.294666666666667,0.3176,750,10,0.5,0.32012375
"402",0.294666666666667,0.3161,750,10,0.5,0.32012375
"403",0.344,0.3128,750,10,0.5,0.32012375
"404",0.361333333333333,0.32395,750,10,0.5,0.32012375
"405",0.3,0.32425,750,10,0.5,0.32012375
"406",0.302666666666667,0.3219,750,10,0.5,0.32012375
"407",0.325333333333333,0.33075,750,10,0.5,0.32012375
"408",0.310666666666667,0.322,750,10,0.5,0.32012375
"409",0.306666666666667,0.3248,750,10,0.5,0.32012375
"410",0.332,0.3177,750,10,0.5,0.32012375
"411",0.316,0.3231,750,10,0.5,0.32012375
"412",0.365333333333333,0.32745,750,10,0.5,0.32012375
"413",0.336,0.314,750,10,0.5,0.32012375
"414",0.298666666666667,0.32205,750,10,0.5,0.32012375
"415",0.322666666666667,0.3147,750,10,0.5,0.32012375
"416",0.350666666666667,0.3162,750,10,0.5,0.32012375
"417",0.358666666666667,0.32555,750,10,0.5,0.32012375
"418",0.341333333333333,0.3164,750,10,0.5,0.32012375
"419",0.342666666666667,0.3268,750,10,0.5,0.32012375
"420",0.346666666666667,0.3227,750,10,0.5,0.32012375
"421",0.297333333333333,0.31355,750,10,0.5,0.32012375
"422",0.302666666666667,0.32455,750,10,0.5,0.32012375
"423",0.296,0.3179,750,10,0.5,0.32012375
"424",0.329333333333333,0.3283,750,10,0.5,0.32012375
"425",0.298666666666667,0.31155,750,10,0.5,0.32012375
"426",0.316,0.31205,750,10,0.5,0.32012375
"427",0.304,0.3099,750,10,0.5,0.32012375
"428",0.326666666666667,0.31455,750,10,0.5,0.32012375
"429",0.341333333333333,0.318,750,10,0.5,0.32012375
"430",0.333333333333333,0.3304,750,10,0.5,0.32012375
"431",0.34,0.3221,750,10,0.5,0.32012375
"432",0.348,0.3167,750,10,0.5,0.32012375
"433",0.354666666666667,0.33425,750,10,0.5,0.32012375
"434",0.308,0.31505,750,10,0.5,0.32012375
"435",0.332,0.31185,750,10,0.5,0.32012375
"436",0.256,0.3121,750,10,0.5,0.32012375
"437",0.312,0.31555,750,10,0.5,0.32012375
"438",0.348,0.3235,750,10,0.5,0.32012375
"439",0.336,0.31675,750,10,0.5,0.32012375
"440",0.345333333333333,0.32365,750,10,0.5,0.32012375
"441",0.361333333333333,0.30835,750,10,0.5,0.32012375
"442",0.342666666666667,0.31665,750,10,0.5,0.32012375
"443",0.334666666666667,0.31645,750,10,0.5,0.32012375
"444",0.32,0.3207,750,10,0.5,0.32012375
"445",0.322666666666667,0.31915,750,10,0.5,0.32012375
"446",0.330666666666667,0.31565,750,10,0.5,0.32012375
"447",0.321333333333333,0.3161,750,10,0.5,0.32012375
"448",0.333333333333333,0.3165,750,10,0.5,0.32012375
"449",0.324,0.32295,750,10,0.5,0.32012375
"450",0.334666666666667,0.32395,750,10,0.5,0.32012375
"451",0.332,0.31915,750,10,0.5,0.32012375
"452",0.304,0.32045,750,10,0.5,0.32012375
"453",0.316,0.31505,750,10,0.5,0.32012375
"454",0.313333333333333,0.313,750,10,0.5,0.32012375
"455",0.345333333333333,0.3221,750,10,0.5,0.32012375
"456",0.297333333333333,0.3149,750,10,0.5,0.32012375
"457",0.302666666666667,0.33765,750,10,0.5,0.32012375
"458",0.322666666666667,0.32245,750,10,0.5,0.32012375
"459",0.358666666666667,0.33165,750,10,0.5,0.32012375
"460",0.32,0.31665,750,10,0.5,0.32012375
"461",0.310666666666667,0.3233,750,10,0.5,0.32012375
"462",0.32,0.30965,750,10,0.5,0.32012375
"463",0.312,0.31605,750,10,0.5,0.32012375
"464",0.304,0.31815,750,10,0.5,0.32012375
"465",0.304,0.31975,750,10,0.5,0.32012375
"466",0.314666666666667,0.3176,750,10,0.5,0.32012375
"467",0.304,0.31585,750,10,0.5,0.32012375
"468",0.330666666666667,0.31545,750,10,0.5,0.32012375
"469",0.336,0.31565,750,10,0.5,0.32012375
"470",0.296,0.31375,750,10,0.5,0.32012375
"471",0.328,0.31815,750,10,0.5,0.32012375
"472",0.324,0.32795,750,10,0.5,0.32012375
"473",0.374666666666667,0.32085,750,10,0.5,0.32012375
"474",0.298666666666667,0.31515,750,10,0.5,0.32012375
"475",0.309333333333333,0.3079,750,10,0.5,0.32012375
"476",0.338666666666667,0.3177,750,10,0.5,0.32012375
"477",0.32,0.31495,750,10,0.5,0.32012375
"478",0.325333333333333,0.32145,750,10,0.5,0.32012375
"479",0.341333333333333,0.30875,750,10,0.5,0.32012375
"480",0.285333333333333,0.31225,750,10,0.5,0.32012375
"481",0.317333333333333,0.3091,750,10,0.5,0.32012375
"482",0.318666666666667,0.3138,750,10,0.5,0.32012375
"483",0.296,0.3107,750,10,0.5,0.32012375
"484",0.326666666666667,0.3202,750,10,0.5,0.32012375
"485",0.329333333333333,0.3305,750,10,0.5,0.32012375
"486",0.341333333333333,0.33755,750,10,0.5,0.32012375
"487",0.302666666666667,0.3103,750,10,0.5,0.32012375
"488",0.326666666666667,0.3192,750,10,0.5,0.32012375
"489",0.289333333333333,0.31125,750,10,0.5,0.32012375
"490",0.314666666666667,0.3159,750,10,0.5,0.32012375
"491",0.321333333333333,0.31405,750,10,0.5,0.32012375
"492",0.332,0.3261,750,10,0.5,0.32012375
"493",0.358666666666667,0.3242,750,10,0.5,0.32012375
"494",0.345333333333333,0.31495,750,10,0.5,0.32012375
"495",0.34,0.32465,750,10,0.5,0.32012375
"496",0.334666666666667,0.3168,750,10,0.5,0.32012375
"497",0.305333333333333,0.31905,750,10,0.5,0.32012375
"498",0.338666666666667,0.3254,750,10,0.5,0.32012375
"499",0.304,0.3126,750,10,0.5,0.32012375
"500",0.310666666666667,0.31395,750,10,0.5,0.32012375
"501",0.316,0.323,750,10,0.5,0.32012375
"502",0.289333333333333,0.31535,750,10,0.5,0.32012375
"503",0.353333333333333,0.3338,750,10,0.5,0.32012375
"504",0.290666666666667,0.3182,750,10,0.5,0.32012375
"505",0.3,0.3202,750,10,0.5,0.32012375
"506",0.281333333333333,0.31395,750,10,0.5,0.32012375
"507",0.330666666666667,0.31275,750,10,0.5,0.32012375
"508",0.338666666666667,0.3141,750,10,0.5,0.32012375
"509",0.345333333333333,0.32635,750,10,0.5,0.32012375
"510",0.322666666666667,0.3184,750,10,0.5,0.32012375
"511",0.308,0.3177,750,10,0.5,0.32012375
"512",0.32,0.32235,750,10,0.5,0.32012375
"513",0.328,0.3164,750,10,0.5,0.32012375
"514",0.325333333333333,0.3251,750,10,0.5,0.32012375
"515",0.322666666666667,0.33105,750,10,0.5,0.32012375
"516",0.348,0.31785,750,10,0.5,0.32012375
"517",0.349333333333333,0.324,750,10,0.5,0.32012375
"518",0.282666666666667,0.3254,750,10,0.5,0.32012375
"519",0.294666666666667,0.31895,750,10,0.5,0.32012375
"520",0.322666666666667,0.3198,750,10,0.5,0.32012375
"521",0.334666666666667,0.3237,750,10,0.5,0.32012375
"522",0.336,0.3219,750,10,0.5,0.32012375
"523",0.308,0.3235,750,10,0.5,0.32012375
"524",0.310666666666667,0.31195,750,10,0.5,0.32012375
"525",0.322666666666667,0.3213,750,10,0.5,0.32012375
"526",0.293333333333333,0.31875,750,10,0.5,0.32012375
"527",0.298666666666667,0.31445,750,10,0.5,0.32012375
"528",0.325333333333333,0.31485,750,10,0.5,0.32012375
"529",0.317333333333333,0.3254,750,10,0.5,0.32012375
"530",0.264,0.3128,750,10,0.5,0.32012375
"531",0.3,0.32835,750,10,0.5,0.32012375
"532",0.353333333333333,0.3169,750,10,0.5,0.32012375
"533",0.325333333333333,0.31755,750,10,0.5,0.32012375
"534",0.292,0.30945,750,10,0.5,0.32012375
"535",0.313333333333333,0.3307,750,10,0.5,0.32012375
"536",0.328,0.32185,750,10,0.5,0.32012375
"537",0.34,0.3259,750,10,0.5,0.32012375
"538",0.337333333333333,0.3276,750,10,0.5,0.32012375
"539",0.306666666666667,0.32615,750,10,0.5,0.32012375
"540",0.349333333333333,0.32255,750,10,0.5,0.32012375
"541",0.326666666666667,0.31715,750,10,0.5,0.32012375
"542",0.325333333333333,0.31925,750,10,0.5,0.32012375
"543",0.348,0.31885,750,10,0.5,0.32012375
"544",0.301333333333333,0.3203,750,10,0.5,0.32012375
"545",0.308,0.32525,750,10,0.5,0.32012375
"546",0.357333333333333,0.32895,750,10,0.5,0.32012375
"547",0.325333333333333,0.319,750,10,0.5,0.32012375
"548",0.337333333333333,0.32895,750,10,0.5,0.32012375
"549",0.32,0.3173,750,10,0.5,0.32012375
"550",0.312,0.31505,750,10,0.5,0.32012375
"551",0.345333333333333,0.31425,750,10,0.5,0.32012375
"552",0.321333333333333,0.33545,750,10,0.5,0.32012375
"553",0.346666666666667,0.3191,750,10,0.5,0.32012375
"554",0.322666666666667,0.3247,750,10,0.5,0.32012375
"555",0.350666666666667,0.32945,750,10,0.5,0.32012375
"556",0.326666666666667,0.31805,750,10,0.5,0.32012375
"557",0.306666666666667,0.3213,750,10,0.5,0.32012375
"558",0.313333333333333,0.32045,750,10,0.5,0.32012375
"559",0.285333333333333,0.31725,750,10,0.5,0.32012375
"560",0.328,0.32245,750,10,0.5,0.32012375
"561",0.348,0.3193,750,10,0.5,0.32012375
"562",0.369333333333333,0.32915,750,10,0.5,0.32012375
"563",0.314666666666667,0.3136,750,10,0.5,0.32012375
"564",0.306666666666667,0.32245,750,10,0.5,0.32012375
"565",0.310666666666667,0.3145,750,10,0.5,0.32012375
"566",0.314666666666667,0.32435,750,10,0.5,0.32012375
"567",0.336,0.32175,750,10,0.5,0.32012375
"568",0.286666666666667,0.31745,750,10,0.5,0.32012375
"569",0.309333333333333,0.31435,750,10,0.5,0.32012375
"570",0.352,0.32275,750,10,0.5,0.32012375
"571",0.32,0.31765,750,10,0.5,0.32012375
"572",0.316,0.31965,750,10,0.5,0.32012375
"573",0.348,0.31905,750,10,0.5,0.32012375
"574",0.341333333333333,0.31615,750,10,0.5,0.32012375
"575",0.329333333333333,0.3128,750,10,0.5,0.32012375
"576",0.346666666666667,0.32865,750,10,0.5,0.32012375
"577",0.324,0.31105,750,10,0.5,0.32012375
"578",0.312,0.3092,750,10,0.5,0.32012375
"579",0.312,0.31355,750,10,0.5,0.32012375
"580",0.314666666666667,0.30995,750,10,0.5,0.32012375
"581",0.292,0.31835,750,10,0.5,0.32012375
"582",0.337333333333333,0.30835,750,10,0.5,0.32012375
"583",0.333333333333333,0.31835,750,10,0.5,0.32012375
"584",0.338666666666667,0.32475,750,10,0.5,0.32012375
"585",0.348,0.31215,750,10,0.5,0.32012375
"586",0.334666666666667,0.3243,750,10,0.5,0.32012375
"587",0.321333333333333,0.32655,750,10,0.5,0.32012375
"588",0.308,0.31735,750,10,0.5,0.32012375
"589",0.34,0.32025,750,10,0.5,0.32012375
"590",0.297333333333333,0.3268,750,10,0.5,0.32012375
"591",0.294666666666667,0.3231,750,10,0.5,0.32012375
"592",0.342666666666667,0.3138,750,10,0.5,0.32012375
"593",0.317333333333333,0.31775,750,10,0.5,0.32012375
"594",0.317333333333333,0.3191,750,10,0.5,0.32012375
"595",0.344,0.3187,750,10,0.5,0.32012375
"596",0.318666666666667,0.32485,750,10,0.5,0.32012375
"597",0.32,0.31695,750,10,0.5,0.32012375
"598",0.306666666666667,0.31795,750,10,0.5,0.32012375
"599",0.316,0.322,750,10,0.5,0.32012375
"600",0.32,0.32305,750,10,0.5,0.32012375
"601",0.309333333333333,0.3175,750,10,0.5,0.32012375
"602",0.325333333333333,0.3288,750,10,0.5,0.32012375
"603",0.325333333333333,0.32685,750,10,0.5,0.32012375
"604",0.328,0.32745,750,10,0.5,0.32012375
"605",0.309333333333333,0.3262,750,10,0.5,0.32012375
"606",0.328,0.31825,750,10,0.5,0.32012375
"607",0.296,0.3126,750,10,0.5,0.32012375
"608",0.341333333333333,0.3185,750,10,0.5,0.32012375
"609",0.329333333333333,0.32245,750,10,0.5,0.32012375
"610",0.334666666666667,0.3173,750,10,0.5,0.32012375
"611",0.306666666666667,0.3204,750,10,0.5,0.32012375
"612",0.32,0.3166,750,10,0.5,0.32012375
"613",0.309333333333333,0.30935,750,10,0.5,0.32012375
"614",0.348,0.32275,750,10,0.5,0.32012375
"615",0.325333333333333,0.3158,750,10,0.5,0.32012375
"616",0.314666666666667,0.3289,750,10,0.5,0.32012375
"617",0.338666666666667,0.3174,750,10,0.5,0.32012375
"618",0.318666666666667,0.32,750,10,0.5,0.32012375
"619",0.301333333333333,0.32165,750,10,0.5,0.32012375
"620",0.334666666666667,0.3307,750,10,0.5,0.32012375
"621",0.332,0.31835,750,10,0.5,0.32012375
"622",0.321333333333333,0.31605,750,10,0.5,0.32012375
"623",0.336,0.33,750,10,0.5,0.32012375
"624",0.312,0.3162,750,10,0.5,0.32012375
"625",0.361333333333333,0.3268,750,10,0.5,0.32012375
"626",0.34,0.31595,750,10,0.5,0.32012375
"627",0.333333333333333,0.3292,750,10,0.5,0.32012375
"628",0.342666666666667,0.3259,750,10,0.5,0.32012375
"629",0.312,0.3282,750,10,0.5,0.32012375
"630",0.322666666666667,0.32175,750,10,0.5,0.32012375
"631",0.266666666666667,0.31165,750,10,0.5,0.32012375
"632",0.333333333333333,0.31945,750,10,0.5,0.32012375
"633",0.310666666666667,0.31435,750,10,0.5,0.32012375
"634",0.318666666666667,0.31595,750,10,0.5,0.32012375
"635",0.352,0.3225,750,10,0.5,0.32012375
"636",0.34,0.32485,750,10,0.5,0.32012375
"637",0.328,0.31325,750,10,0.5,0.32012375
"638",0.338666666666667,0.3261,750,10,0.5,0.32012375
"639",0.328,0.31925,750,10,0.5,0.32012375
"640",0.316,0.31835,750,10,0.5,0.32012375
"641",0.317333333333333,0.324,750,10,0.5,0.32012375
"642",0.276,0.3194,750,10,0.5,0.32012375
"643",0.329333333333333,0.3199,750,10,0.5,0.32012375
"644",0.32,0.3189,750,10,0.5,0.32012375
"645",0.306666666666667,0.3141,750,10,0.5,0.32012375
"646",0.32,0.32375,750,10,0.5,0.32012375
"647",0.305333333333333,0.3176,750,10,0.5,0.32012375
"648",0.293333333333333,0.3192,750,10,0.5,0.32012375
"649",0.309333333333333,0.31905,750,10,0.5,0.32012375
"650",0.309333333333333,0.31545,750,10,0.5,0.32012375
"651",0.310666666666667,0.31845,750,10,0.5,0.32012375
"652",0.362666666666667,0.31385,750,10,0.5,0.32012375
"653",0.312,0.3225,750,10,0.5,0.32012375
"654",0.345333333333333,0.3131,750,10,0.5,0.32012375
"655",0.318666666666667,0.3178,750,10,0.5,0.32012375
"656",0.314666666666667,0.3209,750,10,0.5,0.32012375
"657",0.292,0.31925,750,10,0.5,0.32012375
"658",0.365333333333333,0.32055,750,10,0.5,0.32012375
"659",0.310666666666667,0.31945,750,10,0.5,0.32012375
"660",0.313333333333333,0.3166,750,10,0.5,0.32012375
"661",0.333333333333333,0.3156,750,10,0.5,0.32012375
"662",0.297333333333333,0.32575,750,10,0.5,0.32012375
"663",0.321333333333333,0.32255,750,10,0.5,0.32012375
"664",0.334666666666667,0.32295,750,10,0.5,0.32012375
"665",0.302666666666667,0.32165,750,10,0.5,0.32012375
"666",0.36,0.3291,750,10,0.5,0.32012375
"667",0.337333333333333,0.31915,750,10,0.5,0.32012375
"668",0.345333333333333,0.3318,750,10,0.5,0.32012375
"669",0.342666666666667,0.31885,750,10,0.5,0.32012375
"670",0.322666666666667,0.3156,750,10,0.5,0.32012375
"671",0.326666666666667,0.32255,750,10,0.5,0.32012375
"672",0.316,0.32925,750,10,0.5,0.32012375
"673",0.297333333333333,0.32295,750,10,0.5,0.32012375
"674",0.288,0.3206,750,10,0.5,0.32012375
"675",0.362666666666667,0.3242,750,10,0.5,0.32012375
"676",0.3,0.3284,750,10,0.5,0.32012375
"677",0.378666666666667,0.3276,750,10,0.5,0.32012375
"678",0.316,0.31645,750,10,0.5,0.32012375
"679",0.336,0.32705,750,10,0.5,0.32012375
"680",0.324,0.32525,750,10,0.5,0.32012375
"681",0.324,0.3103,750,10,0.5,0.32012375
"682",0.298666666666667,0.3177,750,10,0.5,0.32012375
"683",0.290666666666667,0.3141,750,10,0.5,0.32012375
"684",0.312,0.3117,750,10,0.5,0.32012375
"685",0.277333333333333,0.31205,750,10,0.5,0.32012375
"686",0.321333333333333,0.3253,750,10,0.5,0.32012375
"687",0.298666666666667,0.32575,750,10,0.5,0.32012375
"688",0.316,0.3214,750,10,0.5,0.32012375
"689",0.322666666666667,0.32685,750,10,0.5,0.32012375
"690",0.326666666666667,0.3121,750,10,0.5,0.32012375
"691",0.318666666666667,0.3169,750,10,0.5,0.32012375
"692",0.336,0.31765,750,10,0.5,0.32012375
"693",0.329333333333333,0.3137,750,10,0.5,0.32012375
"694",0.350666666666667,0.3201,750,10,0.5,0.32012375
"695",0.356,0.3216,750,10,0.5,0.32012375
"696",0.348,0.31935,750,10,0.5,0.32012375
"697",0.34,0.32205,750,10,0.5,0.32012375
"698",0.314666666666667,0.31425,750,10,0.5,0.32012375
"699",0.318666666666667,0.3272,750,10,0.5,0.32012375
"700",0.338666666666667,0.31475,750,10,0.5,0.32012375
"701",0.336,0.3217,750,10,0.5,0.32012375
"702",0.290666666666667,0.3151,750,10,0.5,0.32012375
"703",0.322666666666667,0.31185,750,10,0.5,0.32012375
"704",0.310666666666667,0.3173,750,10,0.5,0.32012375
"705",0.294666666666667,0.32355,750,10,0.5,0.32012375
"706",0.302666666666667,0.33145,750,10,0.5,0.32012375
"707",0.338666666666667,0.3212,750,10,0.5,0.32012375
"708",0.3,0.3259,750,10,0.5,0.32012375
"709",0.3,0.31275,750,10,0.5,0.32012375
"710",0.3,0.3208,750,10,0.5,0.32012375
"711",0.337333333333333,0.3278,750,10,0.5,0.32012375
"712",0.34,0.3237,750,10,0.5,0.32012375
"713",0.321333333333333,0.32425,750,10,0.5,0.32012375
"714",0.318666666666667,0.3204,750,10,0.5,0.32012375
"715",0.316,0.3114,750,10,0.5,0.32012375
"716",0.301333333333333,0.32735,750,10,0.5,0.32012375
"717",0.325333333333333,0.32175,750,10,0.5,0.32012375
"718",0.332,0.3241,750,10,0.5,0.32012375
"719",0.324,0.31975,750,10,0.5,0.32012375
"720",0.337333333333333,0.3255,750,10,0.5,0.32012375
"721",0.302666666666667,0.31835,750,10,0.5,0.32012375
"722",0.306666666666667,0.31305,750,10,0.5,0.32012375
"723",0.305333333333333,0.32815,750,10,0.5,0.32012375
"724",0.310666666666667,0.32055,750,10,0.5,0.32012375
"725",0.336,0.326,750,10,0.5,0.32012375
"726",0.336,0.3208,750,10,0.5,0.32012375
"727",0.322666666666667,0.31605,750,10,0.5,0.32012375
"728",0.348,0.3247,750,10,0.5,0.32012375
"729",0.318666666666667,0.31325,750,10,0.5,0.32012375
"730",0.337333333333333,0.3265,750,10,0.5,0.32012375
"731",0.329333333333333,0.3258,750,10,0.5,0.32012375
"732",0.306666666666667,0.3132,750,10,0.5,0.32012375
"733",0.316,0.31685,750,10,0.5,0.32012375
"734",0.318666666666667,0.32225,750,10,0.5,0.32012375
"735",0.330666666666667,0.32695,750,10,0.5,0.32012375
"736",0.304,0.31635,750,10,0.5,0.32012375
"737",0.325333333333333,0.31435,750,10,0.5,0.32012375
"738",0.312,0.3255,750,10,0.5,0.32012375
"739",0.34,0.32995,750,10,0.5,0.32012375
"740",0.337333333333333,0.32405,750,10,0.5,0.32012375
"741",0.285333333333333,0.31145,750,10,0.5,0.32012375
"742",0.322666666666667,0.32785,750,10,0.5,0.32012375
"743",0.312,0.32595,750,10,0.5,0.32012375
"744",0.36,0.3118,750,10,0.5,0.32012375
"745",0.337333333333333,0.32285,750,10,0.5,0.32012375
"746",0.325333333333333,0.32115,750,10,0.5,0.32012375
"747",0.326666666666667,0.3389,750,10,0.5,0.32012375
"748",0.314666666666667,0.3147,750,10,0.5,0.32012375
"749",0.297333333333333,0.31905,750,10,0.5,0.32012375
"750",0.306666666666667,0.30855,750,10,0.5,0.32012375
"751",0.329333333333333,0.3152,750,10,0.5,0.32012375
"752",0.298666666666667,0.31145,750,10,0.5,0.32012375
"753",0.332,0.32875,750,10,0.5,0.32012375
"754",0.34,0.3286,750,10,0.5,0.32012375
"755",0.341333333333333,0.3177,750,10,0.5,0.32012375
"756",0.298666666666667,0.313,750,10,0.5,0.32012375
"757",0.362666666666667,0.3262,750,10,0.5,0.32012375
"758",0.372,0.32095,750,10,0.5,0.32012375
"759",0.334666666666667,0.3282,750,10,0.5,0.32012375
"760",0.306666666666667,0.31335,750,10,0.5,0.32012375
"761",0.306666666666667,0.31495,750,10,0.5,0.32012375
"762",0.334666666666667,0.32385,750,10,0.5,0.32012375
"763",0.312,0.3152,750,10,0.5,0.32012375
"764",0.344,0.31625,750,10,0.5,0.32012375
"765",0.341333333333333,0.32075,750,10,0.5,0.32012375
"766",0.308,0.3133,750,10,0.5,0.32012375
"767",0.368,0.32725,750,10,0.5,0.32012375
"768",0.302666666666667,0.32405,750,10,0.5,0.32012375
"769",0.336,0.3235,750,10,0.5,0.32012375
"770",0.332,0.32135,750,10,0.5,0.32012375
"771",0.321333333333333,0.31455,750,10,0.5,0.32012375
"772",0.333333333333333,0.3263,750,10,0.5,0.32012375
"773",0.317333333333333,0.3292,750,10,0.5,0.32012375
"774",0.34,0.3223,750,10,0.5,0.32012375
"775",0.273333333333333,0.3188,750,10,0.5,0.32012375
"776",0.34,0.32105,750,10,0.5,0.32012375
"777",0.321333333333333,0.31775,750,10,0.5,0.32012375
"778",0.330666666666667,0.3204,750,10,0.5,0.32012375
"779",0.389333333333333,0.3256,750,10,0.5,0.32012375
"780",0.32,0.31375,750,10,0.5,0.32012375
"781",0.293333333333333,0.3216,750,10,0.5,0.32012375
"782",0.318666666666667,0.3231,750,10,0.5,0.32012375
"783",0.321333333333333,0.31775,750,10,0.5,0.32012375
"784",0.316,0.31645,750,10,0.5,0.32012375
"785",0.296,0.3134,750,10,0.5,0.32012375
"786",0.368,0.3387,750,10,0.5,0.32012375
"787",0.316,0.3167,750,10,0.5,0.32012375
"788",0.292,0.31775,750,10,0.5,0.32012375
"789",0.314666666666667,0.3162,750,10,0.5,0.32012375
"790",0.349333333333333,0.31635,750,10,0.5,0.32012375
"791",0.302666666666667,0.3167,750,10,0.5,0.32012375
"792",0.334666666666667,0.3236,750,10,0.5,0.32012375
"793",0.326666666666667,0.31335,750,10,0.5,0.32012375
"794",0.301333333333333,0.31465,750,10,0.5,0.32012375
"795",0.324,0.3116,750,10,0.5,0.32012375
"796",0.326666666666667,0.31465,750,10,0.5,0.32012375
"797",0.336,0.31955,750,10,0.5,0.32012375
"798",0.296,0.3258,750,10,0.5,0.32012375
"799",0.374666666666667,0.33205,750,10,0.5,0.32012375
"800",0.304,0.31375,750,10,0.5,0.32012375
"801",0.32,0.31815,750,10,0.5,0.32012375
"802",0.32,0.3151,750,10,0.5,0.32012375
"803",0.309333333333333,0.3137,750,10,0.5,0.32012375
"804",0.345333333333333,0.3262,750,10,0.5,0.32012375
"805",0.324,0.32025,750,10,0.5,0.32012375
"806",0.301333333333333,0.31335,750,10,0.5,0.32012375
"807",0.34,0.3202,750,10,0.5,0.32012375
"808",0.312,0.3283,750,10,0.5,0.32012375
"809",0.337333333333333,0.3246,750,10,0.5,0.32012375
"810",0.337333333333333,0.32235,750,10,0.5,0.32012375
"811",0.276,0.31805,750,10,0.5,0.32012375
"812",0.296,0.3238,750,10,0.5,0.32012375
"813",0.328,0.3314,750,10,0.5,0.32012375
"814",0.274666666666667,0.3051,750,10,0.5,0.32012375
"815",0.290666666666667,0.313,750,10,0.5,0.32012375
"816",0.316,0.3085,750,10,0.5,0.32012375
"817",0.306666666666667,0.3129,750,10,0.5,0.32012375
"818",0.306666666666667,0.3176,750,10,0.5,0.32012375
"819",0.306666666666667,0.31185,750,10,0.5,0.32012375
"820",0.326666666666667,0.31245,750,10,0.5,0.32012375
"821",0.328,0.32285,750,10,0.5,0.32012375
"822",0.297333333333333,0.3101,750,10,0.5,0.32012375
"823",0.338666666666667,0.32285,750,10,0.5,0.32012375
"824",0.325333333333333,0.32315,750,10,0.5,0.32012375
"825",0.325333333333333,0.32585,750,10,0.5,0.32012375
"826",0.314666666666667,0.32025,750,10,0.5,0.32012375
"827",0.356,0.33035,750,10,0.5,0.32012375
"828",0.326666666666667,0.3242,750,10,0.5,0.32012375
"829",0.326666666666667,0.3313,750,10,0.5,0.32012375
"830",0.329333333333333,0.32375,750,10,0.5,0.32012375
"831",0.350666666666667,0.3237,750,10,0.5,0.32012375
"832",0.336,0.31755,750,10,0.5,0.32012375
"833",0.301333333333333,0.31315,750,10,0.5,0.32012375
"834",0.289333333333333,0.32685,750,10,0.5,0.32012375
"835",0.382666666666667,0.32305,750,10,0.5,0.32012375
"836",0.346666666666667,0.31475,750,10,0.5,0.32012375
"837",0.306666666666667,0.3158,750,10,0.5,0.32012375
"838",0.329333333333333,0.3302,750,10,0.5,0.32012375
"839",0.365333333333333,0.3264,750,10,0.5,0.32012375
"840",0.362666666666667,0.34,750,10,0.5,0.32012375
"841",0.332,0.3177,750,10,0.5,0.32012375
"842",0.328,0.31625,750,10,0.5,0.32012375
"843",0.270666666666667,0.324,750,10,0.5,0.32012375
"844",0.354666666666667,0.3217,750,10,0.5,0.32012375
"845",0.314666666666667,0.3192,750,10,0.5,0.32012375
"846",0.336,0.325,750,10,0.5,0.32012375
"847",0.302666666666667,0.3263,750,10,0.5,0.32012375
"848",0.338666666666667,0.32765,750,10,0.5,0.32012375
"849",0.318666666666667,0.32745,750,10,0.5,0.32012375
"850",0.336,0.31325,750,10,0.5,0.32012375
"851",0.3,0.31655,750,10,0.5,0.32012375
"852",0.337333333333333,0.3119,750,10,0.5,0.32012375
"853",0.294666666666667,0.3158,750,10,0.5,0.32012375
"854",0.313333333333333,0.3224,750,10,0.5,0.32012375
"855",0.324,0.31825,750,10,0.5,0.32012375
"856",0.332,0.32115,750,10,0.5,0.32012375
"857",0.32,0.31445,750,10,0.5,0.32012375
"858",0.317333333333333,0.32385,750,10,0.5,0.32012375
"859",0.304,0.3184,750,10,0.5,0.32012375
"860",0.353333333333333,0.31835,750,10,0.5,0.32012375
"861",0.277333333333333,0.3202,750,10,0.5,0.32012375
"862",0.317333333333333,0.3116,750,10,0.5,0.32012375
"863",0.313333333333333,0.31985,750,10,0.5,0.32012375
"864",0.318666666666667,0.32555,750,10,0.5,0.32012375
"865",0.292,0.32015,750,10,0.5,0.32012375
"866",0.349333333333333,0.31145,750,10,0.5,0.32012375
"867",0.332,0.3347,750,10,0.5,0.32012375
"868",0.314666666666667,0.32395,750,10,0.5,0.32012375
"869",0.284,0.3159,750,10,0.5,0.32012375
"870",0.309333333333333,0.31255,750,10,0.5,0.32012375
"871",0.305333333333333,0.3198,750,10,0.5,0.32012375
"872",0.328,0.3261,750,10,0.5,0.32012375
"873",0.306666666666667,0.3237,750,10,0.5,0.32012375
"874",0.318666666666667,0.32065,750,10,0.5,0.32012375
"875",0.341333333333333,0.32235,750,10,0.5,0.32012375
"876",0.332,0.3271,750,10,0.5,0.32012375
"877",0.330666666666667,0.32255,750,10,0.5,0.32012375
"878",0.297333333333333,0.33075,750,10,0.5,0.32012375
"879",0.304,0.3205,750,10,0.5,0.32012375
"880",0.32,0.32365,750,10,0.5,0.32012375
"881",0.334666666666667,0.31075,750,10,0.5,0.32012375
"882",0.308,0.3223,750,10,0.5,0.32012375
"883",0.354666666666667,0.3263,750,10,0.5,0.32012375
"884",0.324,0.3187,750,10,0.5,0.32012375
"885",0.333333333333333,0.3257,750,10,0.5,0.32012375
"886",0.276,0.3096,750,10,0.5,0.32012375
"887",0.312,0.3163,750,10,0.5,0.32012375
"888",0.293333333333333,0.3169,750,10,0.5,0.32012375
"889",0.308,0.3112,750,10,0.5,0.32012375
"890",0.336,0.32225,750,10,0.5,0.32012375
"891",0.317333333333333,0.31005,750,10,0.5,0.32012375
"892",0.325333333333333,0.31975,750,10,0.5,0.32012375
"893",0.333333333333333,0.32005,750,10,0.5,0.32012375
"894",0.326666666666667,0.31935,750,10,0.5,0.32012375
"895",0.336,0.31935,750,10,0.5,0.32012375
"896",0.377333333333333,0.32735,750,10,0.5,0.32012375
"897",0.316,0.32605,750,10,0.5,0.32012375
"898",0.357333333333333,0.3309,750,10,0.5,0.32012375
"899",0.353333333333333,0.3184,750,10,0.5,0.32012375
"900",0.354666666666667,0.3248,750,10,0.5,0.32012375
"901",0.321333333333333,0.31715,750,10,0.5,0.32012375
"902",0.333333333333333,0.3205,750,10,0.5,0.32012375
"903",0.308,0.31595,750,10,0.5,0.32012375
"904",0.305333333333333,0.31405,750,10,0.5,0.32012375
"905",0.325333333333333,0.32275,750,10,0.5,0.32012375
"906",0.309333333333333,0.32105,750,10,0.5,0.32012375
"907",0.254666666666667,0.31745,750,10,0.5,0.32012375
"908",0.357333333333333,0.32195,750,10,0.5,0.32012375
"909",0.350666666666667,0.3116,750,10,0.5,0.32012375
"910",0.317333333333333,0.3109,750,10,0.5,0.32012375
"911",0.286666666666667,0.31935,750,10,0.5,0.32012375
"912",0.313333333333333,0.30865,750,10,0.5,0.32012375
"913",0.298666666666667,0.32015,750,10,0.5,0.32012375
"914",0.358666666666667,0.32165,750,10,0.5,0.32012375
"915",0.350666666666667,0.3245,750,10,0.5,0.32012375
"916",0.328,0.31585,750,10,0.5,0.32012375
"917",0.330666666666667,0.3256,750,10,0.5,0.32012375
"918",0.317333333333333,0.30615,750,10,0.5,0.32012375
"919",0.296,0.308,750,10,0.5,0.32012375
"920",0.325333333333333,0.32015,750,10,0.5,0.32012375
"921",0.345333333333333,0.3344,750,10,0.5,0.32012375
"922",0.324,0.31745,750,10,0.5,0.32012375
"923",0.292,0.32425,750,10,0.5,0.32012375
"924",0.317333333333333,0.32015,750,10,0.5,0.32012375
"925",0.309333333333333,0.32685,750,10,0.5,0.32012375
"926",0.341333333333333,0.31745,750,10,0.5,0.32012375
"927",0.326666666666667,0.3196,750,10,0.5,0.32012375
"928",0.366666666666667,0.32745,750,10,0.5,0.32012375
"929",0.352,0.3324,750,10,0.5,0.32012375
"930",0.318666666666667,0.32035,750,10,0.5,0.32012375
"931",0.286666666666667,0.30975,750,10,0.5,0.32012375
"932",0.310666666666667,0.32425,750,10,0.5,0.32012375
"933",0.330666666666667,0.32105,750,10,0.5,0.32012375
"934",0.306666666666667,0.31165,750,10,0.5,0.32012375
"935",0.32,0.3261,750,10,0.5,0.32012375
"936",0.326666666666667,0.328,750,10,0.5,0.32012375
"937",0.348,0.3283,750,10,0.5,0.32012375
"938",0.348,0.31795,750,10,0.5,0.32012375
"939",0.305333333333333,0.3169,750,10,0.5,0.32012375
"940",0.266666666666667,0.32085,750,10,0.5,0.32012375
"941",0.324,0.3235,750,10,0.5,0.32012375
"942",0.309333333333333,0.31315,750,10,0.5,0.32012375
"943",0.317333333333333,0.32495,750,10,0.5,0.32012375
"944",0.309333333333333,0.32365,750,10,0.5,0.32012375
"945",0.344,0.31525,750,10,0.5,0.32012375
"946",0.346666666666667,0.3193,750,10,0.5,0.32012375
"947",0.32,0.31015,750,10,0.5,0.32012375
"948",0.297333333333333,0.3179,750,10,0.5,0.32012375
"949",0.277333333333333,0.31585,750,10,0.5,0.32012375
"950",0.312,0.319,750,10,0.5,0.32012375
"951",0.298666666666667,0.32105,750,10,0.5,0.32012375
"952",0.330666666666667,0.333,750,10,0.5,0.32012375
"953",0.308,0.32175,750,10,0.5,0.32012375
"954",0.306666666666667,0.317,750,10,0.5,0.32012375
"955",0.318666666666667,0.31545,750,10,0.5,0.32012375
"956",0.326666666666667,0.3134,750,10,0.5,0.32012375
"957",0.276,0.31835,750,10,0.5,0.32012375
"958",0.296,0.3226,750,10,0.5,0.32012375
"959",0.297333333333333,0.3144,750,10,0.5,0.32012375
"960",0.330666666666667,0.3262,750,10,0.5,0.32012375
"961",0.377333333333333,0.3315,750,10,0.5,0.32012375
"962",0.301333333333333,0.3235,750,10,0.5,0.32012375
"963",0.322666666666667,0.32515,750,10,0.5,0.32012375
"964",0.338666666666667,0.32155,750,10,0.5,0.32012375
"965",0.308,0.31215,750,10,0.5,0.32012375
"966",0.309333333333333,0.3125,750,10,0.5,0.32012375
"967",0.318666666666667,0.31525,750,10,0.5,0.32012375
"968",0.334666666666667,0.328,750,10,0.5,0.32012375
"969",0.326666666666667,0.3148,750,10,0.5,0.32012375
"970",0.348,0.33115,750,10,0.5,0.32012375
"971",0.305333333333333,0.3184,750,10,0.5,0.32012375
"972",0.36,0.31755,750,10,0.5,0.32012375
"973",0.325333333333333,0.33155,750,10,0.5,0.32012375
"974",0.342666666666667,0.3226,750,10,0.5,0.32012375
"975",0.326666666666667,0.32265,750,10,0.5,0.32012375
"976",0.314666666666667,0.31415,750,10,0.5,0.32012375
"977",0.32,0.3151,750,10,0.5,0.32012375
"978",0.298666666666667,0.3184,750,10,0.5,0.32012375
"979",0.290666666666667,0.31935,750,10,0.5,0.32012375
"980",0.344,0.3211,750,10,0.5,0.32012375
"981",0.350666666666667,0.3181,750,10,0.5,0.32012375
"982",0.290666666666667,0.31455,750,10,0.5,0.32012375
"983",0.308,0.3223,750,10,0.5,0.32012375
"984",0.302666666666667,0.3208,750,10,0.5,0.32012375
"985",0.314666666666667,0.31765,750,10,0.5,0.32012375
"986",0.334666666666667,0.3226,750,10,0.5,0.32012375
"987",0.333333333333333,0.31615,750,10,0.5,0.32012375
"988",0.317333333333333,0.31885,750,10,0.5,0.32012375
"989",0.330666666666667,0.32675,750,10,0.5,0.32012375
"990",0.314666666666667,0.32185,750,10,0.5,0.32012375
"991",0.302666666666667,0.32315,750,10,0.5,0.32012375
"992",0.361333333333333,0.3261,750,10,0.5,0.32012375
"993",0.324,0.32485,750,10,0.5,0.32012375
"994",0.308,0.3211,750,10,0.5,0.32012375
"995",0.297333333333333,0.32245,750,10,0.5,0.32012375
"996",0.302666666666667,0.3112,750,10,0.5,0.32012375
"997",0.341333333333333,0.31685,750,10,0.5,0.32012375
"998",0.349333333333333,0.32545,750,10,0.5,0.32012375
"999",0.349333333333333,0.3148,750,10,0.5,0.32012375
"1000",0.313333333333333,0.32085,750,10,0.5,0.32012375
