"","err.hat","fpr.hat","fnr.hat","errxy","errxy_fpr","errxy_fnr","n","p","prop","err"
"1",0.25,0.272727272727273,0.2,0.25925,0.246338636603098,0.2847,75,100,0.5,0.2559852
"2",0.25,0.272727272727273,0.2,0.25745,0.287665236802941,0.1863,75,100,0.5,0.2559852
"3",0.25,0.222222222222222,0.3,0.25735,0.276668200644271,0.2141,75,100,0.5,0.2559852
"4",0.3,0.3,0.3,0.23455,0.249315327226367,0.2051,75,100,0.5,0.2559852
"5",0.2,0,0.4,0.2015,0.200060289389068,0.2039,75,100,0.5,0.2559852
"6",0.55,0.545454545454545,0.5,0.2843,0.285244922341697,0.2821,75,100,0.5,0.2559852
"7",0.3,0.25,0.4,0.2338,0.216567291311755,0.2642,75,100,0.5,0.2559852
"8",0.15,0.230769230769231,0,0.29345,0.332576801491448,0.1766,75,100,0.5,0.2559852
"9",0.45,0.454545454545455,0.4,0.3071,0.293778062860808,0.3394,75,100,0.5,0.2559852
"10",0.3,0.333333333333333,0.2,0.2908,0.295343377029935,0.2797,75,100,0.5,0.2559852
"11",0.25,0.222222222222222,0.3,0.25655,0.240817630150112,0.2869,75,100,0.5,0.2559852
"12",0.4,0.333333333333333,0.6,0.25155,0.244629458320485,0.2651,75,100,0.5,0.2559852
"13",0.2,0.125,0.3,0.20555,0.211068589932293,0.196,75,100,0.5,0.2559852
"14",0.35,0.363636363636364,0.3,0.3039,0.315695488721805,0.2719,75,100,0.5,0.2559852
"15",0.45,0.444444444444444,0.5,0.34145,0.314322520201429,0.4145,75,100,0.5,0.2559852
"16",0.15,0,0.3,0.1869,0.17654958677686,0.2029,75,100,0.5,0.2559852
"17",0.35,0.363636363636364,0.3,0.27915,0.309529969814575,0.1994,75,100,0.5,0.2559852
"18",0.35,0.333333333333333,0.4,0.28175,0.304137126447097,0.2246,75,100,0.5,0.2559852
"19",0.2,0.25,0.1,0.26755,0.281305861322796,0.2361,75,100,0.5,0.2559852
"20",0.25,0.272727272727273,0.2,0.2456,0.251611013473931,0.2335,75,100,0.5,0.2559852
"21",0.25,0.222222222222222,0.3,0.32725,0.30917927758754,0.3746,75,100,0.5,0.2559852
"22",0.4,0.416666666666667,0.3,0.26255,0.245743655637649,0.2956,75,100,0.5,0.2559852
"23",0.15,0,0.3,0.21895,0.150043581123148,0.3174,75,100,0.5,0.2559852
"24",0.15,0.111111111111111,0.2,0.273,0.29178132452761,0.2279,75,100,0.5,0.2559852
"25",0.3,0.3,0.3,0.29605,0.293217073912603,0.3029,75,100,0.5,0.2559852
"26",0.15,0.111111111111111,0.2,0.20455,0.168071003258061,0.2595,75,100,0.5,0.2559852
"27",0.2,0.2,0.2,0.24725,0.262609185686109,0.2149,75,100,0.5,0.2559852
"28",0.2,0.25,0.1,0.2358,0.224676948728637,0.256,75,100,0.5,0.2559852
"29",0.25,0.272727272727273,0.2,0.2297,0.205427201394943,0.2709,75,100,0.5,0.2559852
"30",0.4,0.416666666666667,0.3,0.2265,0.217283440148853,0.2428,75,100,0.5,0.2559852
"31",0.3,0.333333333333333,0.2,0.2957,0.310130111524164,0.2577,75,100,0.5,0.2559852
"32",0.45,0.428571428571429,0.6,0.22915,0.220859527981037,0.244,75,100,0.5,0.2559852
"33",0.35,0.384615384615385,0.2,0.26155,0.275787494123178,0.2298,75,100,0.5,0.2559852
"34",0.2,0.2,0.2,0.23975,0.180007377351531,0.3331,75,100,0.5,0.2559852
"35",0.25,0.222222222222222,0.3,0.3164,0.298948751642576,0.3598,75,100,0.5,0.2559852
"36",0.25,0.272727272727273,0.2,0.2054,0.217978173463527,0.1831,75,100,0.5,0.2559852
"37",0.25,0.222222222222222,0.3,0.2328,0.222303055497818,0.2517,75,100,0.5,0.2559852
"38",0.25,0.272727272727273,0.2,0.3427,0.359226776445319,0.284,75,100,0.5,0.2559852
"39",0.15,0.111111111111111,0.2,0.23875,0.260034904013962,0.1944,75,100,0.5,0.2559852
"40",0.3,0.25,0.4,0.3145,0.319482288828338,0.3007,75,100,0.5,0.2559852
"41",0.3,0.333333333333333,0.2,0.30685,0.326069338135975,0.2516,75,100,0.5,0.2559852
"42",0.35,0.333333333333333,0.4,0.25855,0.27185108192384,0.2294,75,100,0.5,0.2559852
"43",0.3,0.357142857142857,0.1,0.30605,0.305290633470535,0.308,75,100,0.5,0.2559852
"44",0.4,0.4,0.4,0.3047,0.310093348891482,0.2905,75,100,0.5,0.2559852
"45",0.15,0.181818181818182,0.1,0.26095,0.280224326560633,0.2171,75,100,0.5,0.2559852
"46",0.05,0,0.1,0.2131,0.190640500323485,0.2494,75,100,0.5,0.2559852
"47",0.35,0.333333333333333,0.4,0.2635,0.283781312854269,0.2166,75,100,0.5,0.2559852
"48",0.15,0,0.3,0.22145,0.218209408194234,0.2272,75,100,0.5,0.2559852
"49",0.25,0.222222222222222,0.3,0.21855,0.198435658416372,0.2519,75,100,0.5,0.2559852
"50",0.15,0.111111111111111,0.2,0.2289,0.210115483319076,0.2613,75,100,0.5,0.2559852
"51",0.15,0.230769230769231,0,0.2302,0.222770242498972,0.2436,75,100,0.5,0.2559852
"52",0.35,0.285714285714286,0.5,0.2541,0.217615985300873,0.3187,75,100,0.5,0.2559852
"53",0.45,0.444444444444444,0.5,0.2881,0.276947368421053,0.3131,75,100,0.5,0.2559852
"54",0.2,0.2,0.2,0.21875,0.215880391958784,0.2238,75,100,0.5,0.2559852
"55",0.35,0.333333333333333,0.4,0.2185,0.204244589199412,0.2426,75,100,0.5,0.2559852
"56",0.15,0.230769230769231,0,0.2219,0.228205629397967,0.2103,75,100,0.5,0.2559852
"57",0.2,0.125,0.3,0.23875,0.232023797312545,0.2513,75,100,0.5,0.2559852
"58",0.25,0.142857142857143,0.4,0.2815,0.230712349026374,0.3758,75,100,0.5,0.2559852
"59",0.2,0.125,0.3,0.24475,0.241256969082615,0.2515,75,100,0.5,0.2559852
"60",0.3,0.3,0.3,0.25735,0.290909090909091,0.1771,75,100,0.5,0.2559852
"61",0.05,0.0909090909090909,0,0.21355,0.223743851866139,0.1951,75,100,0.5,0.2559852
"62",0.15,0,0.3,0.2899,0.227426050856253,0.4045,75,100,0.5,0.2559852
"63",0.4,0.4,0.4,0.2664,0.276630330847198,0.2435,75,100,0.5,0.2559852
"64",0.5,0.5,0.6,0.2137,0.190352584901579,0.2514,75,100,0.5,0.2559852
"65",0.3,0,0.6,0.2639,0.235728676964406,0.3172,75,100,0.5,0.2559852
"66",0.35,0.285714285714286,0.5,0.27035,0.233058235499244,0.3402,75,100,0.5,0.2559852
"67",0.35,0.363636363636364,0.3,0.2744,0.273721163490471,0.2759,75,100,0.5,0.2559852
"68",0.35,0.363636363636364,0.3,0.33505,0.286140282639699,0.4494,75,100,0.5,0.2559852
"69",0.2,0.2,0.2,0.2961,0.255983724269986,0.3783,75,100,0.5,0.2559852
"70",0.25,0.307692307692308,0.1,0.2904,0.290106148608051,0.2911,75,100,0.5,0.2559852
"71",0.15,0,0.3,0.26405,0.24837368028154,0.2952,75,100,0.5,0.2559852
"72",0.5,0.5,0.4,0.3144,0.289378120744439,0.3738,75,100,0.5,0.2559852
"73",0.35,0.333333333333333,0.4,0.22225,0.182317282397346,0.2851,75,100,0.5,0.2559852
"74",0.05,0,0.1,0.2203,0.173171301706006,0.2924,75,100,0.5,0.2559852
"75",0.25,0.272727272727273,0.2,0.2369,0.233866073234878,0.2426,75,100,0.5,0.2559852
"76",0.3,0.3,0.3,0.27655,0.300044742729306,0.2178,75,100,0.5,0.2559852
"77",0.2,0.25,0.1,0.2775,0.290371207838704,0.2468,75,100,0.5,0.2559852
"78",0.45,0.454545454545455,0.4,0.3153,0.320190809968847,0.3017,75,100,0.5,0.2559852
"79",0.2,0.125,0.3,0.3083,0.256230925737538,0.4151,75,100,0.5,0.2559852
"80",0.15,0.230769230769231,0,0.21655,0.210084893116498,0.2277,75,100,0.5,0.2559852
"81",0.3,0.357142857142857,0.1,0.3065,0.332496537396122,0.2289,75,100,0.5,0.2559852
"82",0.25,0.142857142857143,0.4,0.28995,0.205935881282374,0.4328,75,100,0.5,0.2559852
"83",0.2,0,0.4,0.2459,0.207594936708861,0.3114,75,100,0.5,0.2559852
"84",0.25,0.222222222222222,0.3,0.26365,0.26536285118634,0.26,75,100,0.5,0.2559852
"85",0.1,0,0.2,0.2469,0.236024196912808,0.2675,75,100,0.5,0.2559852
"86",0.25,0.222222222222222,0.3,0.2496,0.239600665557404,0.2688,75,100,0.5,0.2559852
"87",0.3,0.3,0.3,0.3301,0.306624174823583,0.3908,75,100,0.5,0.2559852
"88",0.35,0.363636363636364,0.3,0.27565,0.280500929458957,0.2646,75,100,0.5,0.2559852
"89",0.2,0.125,0.3,0.2085,0.213259885894157,0.2002,75,100,0.5,0.2559852
"90",0.35,0.363636363636364,0.3,0.2273,0.226149829282989,0.2294,75,100,0.5,0.2559852
"91",0.25,0.272727272727273,0.2,0.24805,0.247367893311942,0.2494,75,100,0.5,0.2559852
"92",0.2,0.285714285714286,0,0.23295,0.248564165332831,0.2019,75,100,0.5,0.2559852
"93",0.2,0.2,0.2,0.25105,0.217198682267409,0.3109,75,100,0.5,0.2559852
"94",0.25,0.222222222222222,0.3,0.2307,0.237524366471735,0.2177,75,100,0.5,0.2559852
"95",0.1,0.166666666666667,0,0.24795,0.254648106687433,0.2343,75,100,0.5,0.2559852
"96",0.15,0.181818181818182,0.1,0.2328,0.264830135539518,0.1647,75,100,0.5,0.2559852
"97",0.1,0.1,0.1,0.2195,0.220115745360208,0.2184,75,100,0.5,0.2559852
"98",0.3,0.357142857142857,0.1,0.24675,0.254436148550373,0.2311,75,100,0.5,0.2559852
"99",0.35,0.2,0.6,0.32755,0.29875131287198,0.3991,75,100,0.5,0.2559852
"100",0.2,0.125,0.3,0.3426,0.288838207673732,0.4699,75,100,0.5,0.2559852
"101",0.25,0.307692307692308,0.1,0.2518,0.250953241019466,0.2535,75,100,0.5,0.2559852
"102",0.35,0.384615384615385,0.2,0.2987,0.300257987695971,0.2948,75,100,0.5,0.2559852
"103",0.25,0.142857142857143,0.4,0.22425,0.171138938580799,0.305,75,100,0.5,0.2559852
"104",0.15,0.181818181818182,0.1,0.3167,0.289310344827586,0.3817,75,100,0.5,0.2559852
"105",0.15,0.230769230769231,0,0.232,0.219136449381681,0.2549,75,100,0.5,0.2559852
"106",0.45,0.444444444444444,0.5,0.26895,0.265264655084832,0.2768,75,100,0.5,0.2559852
"107",0.2,0.25,0.1,0.20745,0.231580878979723,0.1625,75,100,0.5,0.2559852
"108",0.3,0.3,0.3,0.3031,0.277664859981933,0.3603,75,100,0.5,0.2559852
"109",0.25,0.272727272727273,0.2,0.272,0.267394409304224,0.2819,75,100,0.5,0.2559852
"110",0.25,0.272727272727273,0.2,0.21755,0.240942859763368,0.1724,75,100,0.5,0.2559852
"111",0.25,0.272727272727273,0.2,0.27265,0.269304921359716,0.2799,75,100,0.5,0.2559852
"112",0.3,0.3,0.3,0.2645,0.28645266594124,0.2131,75,100,0.5,0.2559852
"113",0.25,0,0.5,0.25795,0.163772746214752,0.398,75,100,0.5,0.2559852
"114",0.25,0.142857142857143,0.4,0.22245,0.214366574045487,0.2366,75,100,0.5,0.2559852
"115",0.15,0.111111111111111,0.2,0.2109,0.21953822273962,0.1955,75,100,0.5,0.2559852
"116",0.15,0,0.3,0.2274,0.221779955092876,0.2375,75,100,0.5,0.2559852
"117",0.25,0.272727272727273,0.2,0.2585,0.261080332409972,0.2531,75,100,0.5,0.2559852
"118",0.35,0.363636363636364,0.3,0.25995,0.276676900176761,0.2225,75,100,0.5,0.2559852
"119",0.15,0.181818181818182,0.1,0.21915,0.253618738485832,0.1492,75,100,0.5,0.2559852
"120",0.35,0.333333333333333,0.4,0.26525,0.291240551356158,0.203,75,100,0.5,0.2559852
"121",0.4,0.375,0.5,0.2304,0.207211120764553,0.27,75,100,0.5,0.2559852
"122",0.2,0.125,0.3,0.22675,0.209029922265999,0.2572,75,100,0.5,0.2559852
"123",0.25,0.272727272727273,0.2,0.27525,0.265567956607907,0.2959,75,100,0.5,0.2559852
"124",0.3,0.3,0.3,0.241,0.227425805093665,0.2659,75,100,0.5,0.2559852
"125",0.2,0.2,0.2,0.28835,0.286276885792184,0.2932,75,100,0.5,0.2559852
"126",0.25,0.272727272727273,0.2,0.2524,0.205518553758325,0.332,75,100,0.5,0.2559852
"127",0.3,0.3,0.3,0.28625,0.22578576010263,0.3965,75,100,0.5,0.2559852
"128",0.35,0.285714285714286,0.5,0.27275,0.29380274022321,0.2217,75,100,0.5,0.2559852
"129",0.35,0.333333333333333,0.4,0.23245,0.25206190343805,0.1929,75,100,0.5,0.2559852
"130",0.25,0.222222222222222,0.3,0.29805,0.29835247129306,0.2973,75,100,0.5,0.2559852
"131",0.2,0,0.4,0.32265,0.304745128261588,0.3685,75,100,0.5,0.2559852
"132",0.25,0.272727272727273,0.2,0.26185,0.247267324631221,0.2907,75,100,0.5,0.2559852
"133",0.4,0.333333333333333,0.6,0.26685,0.247372413045834,0.3054,75,100,0.5,0.2559852
"134",0.25,0.222222222222222,0.3,0.30495,0.289658147309393,0.3413,75,100,0.5,0.2559852
"135",0.35,0.363636363636364,0.3,0.2373,0.233569979716024,0.2443,75,100,0.5,0.2559852
"136",0.15,0.111111111111111,0.2,0.2277,0.222482674276396,0.2371,75,100,0.5,0.2559852
"137",0.35,0.333333333333333,0.4,0.2356,0.235070140280561,0.2366,75,100,0.5,0.2559852
"138",0.3,0.3,0.3,0.3379,0.308482986767486,0.4147,75,100,0.5,0.2559852
"139",0.25,0.272727272727273,0.2,0.23605,0.213440451633916,0.2755,75,100,0.5,0.2559852
"140",0.2,0.25,0.1,0.19375,0.148271505685081,0.2584,75,100,0.5,0.2559852
"141",0.3,0.3,0.3,0.24255,0.254083484573503,0.2191,75,100,0.5,0.2559852
"142",0.15,0.181818181818182,0.1,0.23785,0.253131179960448,0.2069,75,100,0.5,0.2559852
"143",0.25,0.307692307692308,0.1,0.1952,0.209215798511734,0.1711,75,100,0.5,0.2559852
"144",0.3,0.333333333333333,0.2,0.22725,0.229870258492622,0.2224,75,100,0.5,0.2559852
"145",0.15,0,0.3,0.26945,0.234236311239193,0.3357,75,100,0.5,0.2559852
"146",0.3,0.333333333333333,0.2,0.24145,0.253127088704287,0.2178,75,100,0.5,0.2559852
"147",0.1,0.1,0.1,0.20555,0.186254661694193,0.2363,75,100,0.5,0.2559852
"148",0.2,0.125,0.3,0.28955,0.284264479753972,0.3018,75,100,0.5,0.2559852
"149",0.1,0.166666666666667,0,0.24745,0.255777971182671,0.2304,75,100,0.5,0.2559852
"150",0.25,0.222222222222222,0.3,0.2468,0.2571455975446,0.2255,75,100,0.5,0.2559852
"151",0.05,0,0.1,0.2207,0.233186855177684,0.1973,75,100,0.5,0.2559852
"152",0.35,0.363636363636364,0.3,0.27645,0.290034751573213,0.2441,75,100,0.5,0.2559852
"153",0.1,0,0.2,0.20925,0.204372140315201,0.2175,75,100,0.5,0.2559852
"154",0.35,0.285714285714286,0.5,0.3007,0.300220529270249,0.3019,75,100,0.5,0.2559852
"155",0.2,0.2,0.2,0.32385,0.346866034947405,0.2487,75,100,0.5,0.2559852
"156",0.2,0.125,0.3,0.2552,0.236036230321328,0.2915,75,100,0.5,0.2559852
"157",0.3,0.166666666666667,0.5,0.32095,0.302960272917354,0.3666,75,100,0.5,0.2559852
"158",0.3,0.357142857142857,0.1,0.2541,0.290545144804089,0.1671,75,100,0.5,0.2559852
"159",0.15,0.111111111111111,0.2,0.22165,0.218866781133219,0.2266,75,100,0.5,0.2559852
"160",0.3,0.3,0.3,0.2894,0.282617671345995,0.305,75,100,0.5,0.2559852
"161",0.45,0.444444444444444,0.5,0.26485,0.258944131214762,0.2771,75,100,0.5,0.2559852
"162",0.1,0,0.2,0.2272,0.205208558461206,0.2645,75,100,0.5,0.2559852
"163",0.2,0.285714285714286,0,0.2629,0.27836978874556,0.228,75,100,0.5,0.2559852
"164",0.35,0.333333333333333,0.4,0.2794,0.266115351993215,0.3078,75,100,0.5,0.2559852
"165",0.1,0.1,0.1,0.34765,0.333624549524954,0.3898,75,100,0.5,0.2559852
"166",0.2,0.125,0.3,0.2736,0.291413303851115,0.2309,75,100,0.5,0.2559852
"167",0.4,0.4,0.4,0.30235,0.309714065658997,0.283,75,100,0.5,0.2559852
"168",0.45,0.4,0.7,0.27605,0.237794169301019,0.349,75,100,0.5,0.2559852
"169",0.15,0.111111111111111,0.2,0.24635,0.234536891679749,0.2686,75,100,0.5,0.2559852
"170",0.2,0.2,0.2,0.22505,0.227906976744186,0.2198,75,100,0.5,0.2559852
"171",0.3,0.25,0.4,0.22635,0.237606673698341,0.2049,75,100,0.5,0.2559852
"172",0.05,0,0.1,0.2564,0.225118483412322,0.3133,75,100,0.5,0.2559852
"173",0.2,0.2,0.2,0.26545,0.280650893107641,0.2308,75,100,0.5,0.2559852
"174",0.2,0,0.4,0.2576,0.194171082513248,0.3613,75,100,0.5,0.2559852
"175",0.15,0.181818181818182,0.1,0.21345,0.243257772601021,0.1554,75,100,0.5,0.2559852
"176",0.2,0.2,0.2,0.24935,0.267550774367059,0.2102,75,100,0.5,0.2559852
"177",0.2,0.2,0.2,0.25,0.219479353680431,0.3044,75,100,0.5,0.2559852
"178",0.35,0.384615384615385,0.2,0.24995,0.283974082073434,0.1712,75,100,0.5,0.2559852
"179",0.3,0.333333333333333,0.2,0.21815,0.215274270128296,0.2232,75,100,0.5,0.2559852
"180",0.15,0.181818181818182,0.1,0.20645,0.212290502793296,0.1963,75,100,0.5,0.2559852
"181",0.4,0.375,0.5,0.3118,0.273143683702989,0.397,75,100,0.5,0.2559852
"182",0.15,0.181818181818182,0.1,0.24195,0.239053493780969,0.2475,75,100,0.5,0.2559852
"183",0.4,0.416666666666667,0.3,0.23285,0.216431376711602,0.2618,75,100,0.5,0.2559852
"184",0.25,0.272727272727273,0.2,0.2207,0.164866810655148,0.304,75,100,0.5,0.2559852
"185",0.1,0.1,0.1,0.26835,0.253799553618876,0.2979,75,100,0.5,0.2559852
"186",0.2,0.2,0.2,0.26915,0.251694094869313,0.3043,75,100,0.5,0.2559852
"187",0.3,0.333333333333333,0.2,0.26405,0.292862786410324,0.1945,75,100,0.5,0.2559852
"188",0.3,0.25,0.4,0.2532,0.207027540360874,0.332,75,100,0.5,0.2559852
"189",0.4,0.416666666666667,0.3,0.334,0.336194987171897,0.3273,75,100,0.5,0.2559852
"190",0.5,0.5,0.4,0.33285,0.291401472607014,0.4322,75,100,0.5,0.2559852
"191",0.25,0,0.5,0.25075,0.2394690080485,0.2724,75,100,0.5,0.2559852
"192",0.3,0.25,0.4,0.2339,0.25163337689005,0.1982,75,100,0.5,0.2559852
"193",0.3,0.25,0.4,0.2474,0.213150124914831,0.3071,75,100,0.5,0.2559852
"194",0.35,0.333333333333333,0.4,0.31245,0.323681489141675,0.2806,75,100,0.5,0.2559852
"195",0.25,0.272727272727273,0.2,0.2496,0.260382775119617,0.2271,75,100,0.5,0.2559852
"196",0.3,0.25,0.4,0.22585,0.254411896443608,0.1677,75,100,0.5,0.2559852
"197",0.3,0.25,0.4,0.25225,0.271722104487239,0.2096,75,100,0.5,0.2559852
"198",0.2,0.25,0.1,0.2464,0.246956695270405,0.2453,75,100,0.5,0.2559852
"199",0.15,0.181818181818182,0.1,0.2362,0.234126184237049,0.2401,75,100,0.5,0.2559852
"200",0.3,0.357142857142857,0.1,0.35895,0.387975538082758,0.2294,75,100,0.5,0.2559852
"201",0.25,0.222222222222222,0.3,0.22245,0.227223587223587,0.2137,75,100,0.5,0.2559852
"202",0.3,0.3,0.3,0.23785,0.223499630840629,0.2638,75,100,0.5,0.2559852
"203",0.15,0.181818181818182,0.1,0.27605,0.270566540313492,0.288,75,100,0.5,0.2559852
"204",0.1,0,0.2,0.2678,0.186893203883495,0.397,75,100,0.5,0.2559852
"205",0.3,0.3,0.3,0.33955,0.312009373169303,0.4128,75,100,0.5,0.2559852
"206",0.15,0.181818181818182,0.1,0.20715,0.206651307222278,0.208,75,100,0.5,0.2559852
"207",0.25,0.142857142857143,0.4,0.2454,0.237363317515989,0.2607,75,100,0.5,0.2559852
"208",0.3,0.25,0.4,0.2549,0.23735533647664,0.2883,75,100,0.5,0.2559852
"209",0.05,0,0.1,0.22755,0.247380621233194,0.1883,75,100,0.5,0.2559852
"210",0.1,0,0.2,0.19215,0.205152763145293,0.1701,75,100,0.5,0.2559852
"211",0.25,0.272727272727273,0.2,0.20645,0.206303151575788,0.2067,75,100,0.5,0.2559852
"212",0.15,0.111111111111111,0.2,0.1996,0.224908424908425,0.1536,75,100,0.5,0.2559852
"213",0.25,0.142857142857143,0.4,0.30855,0.282170895437479,0.3691,75,100,0.5,0.2559852
"214",0.15,0.181818181818182,0.1,0.21495,0.231768137762304,0.1836,75,100,0.5,0.2559852
"215",0.2,0.125,0.3,0.2233,0.223576423576424,0.2228,75,100,0.5,0.2559852
"216",0.2,0.2,0.2,0.23055,0.237557222168111,0.2172,75,100,0.5,0.2559852
"217",0.4,0.4,0.4,0.26185,0.24267963263101,0.2991,75,100,0.5,0.2559852
"218",0.55,0.555555555555556,0.6,0.3235,0.318228630278064,0.338,75,100,0.5,0.2559852
"219",0.3,0.25,0.4,0.2501,0.212692573005289,0.3152,75,100,0.5,0.2559852
"220",0.45,0.461538461538462,0.3,0.258,0.2719992462785,0.2273,75,100,0.5,0.2559852
"221",0.1,0.1,0.1,0.22505,0.214278291593058,0.2439,75,100,0.5,0.2559852
"222",0.3,0.25,0.4,0.33105,0.351158488238922,0.2635,75,100,0.5,0.2559852
"223",0.35,0.384615384615385,0.2,0.2418,0.252444870565676,0.2203,75,100,0.5,0.2559852
"224",0.05,0.0909090909090909,0,0.2332,0.247969015681088,0.2039,75,100,0.5,0.2559852
"225",0.35,0.333333333333333,0.4,0.2668,0.224284700874911,0.3439,75,100,0.5,0.2559852
"226",0.3,0.3,0.3,0.2631,0.287037037037037,0.2069,75,100,0.5,0.2559852
"227",0.2,0.2,0.2,0.2454,0.236220472440945,0.2628,75,100,0.5,0.2559852
"228",0.2,0.25,0.1,0.25955,0.275678701371397,0.2236,75,100,0.5,0.2559852
"229",0.2,0.25,0.1,0.24,0.23469387755102,0.25,75,100,0.5,0.2559852
"230",0.35,0.333333333333333,0.4,0.25,0.232104586369481,0.2834,75,100,0.5,0.2559852
"231",0.3,0.3,0.3,0.28165,0.262378931330939,0.3222,75,100,0.5,0.2559852
"232",0.2,0.2,0.2,0.23315,0.179459459459459,0.3169,75,100,0.5,0.2559852
"233",0.2,0.25,0.1,0.28735,0.289058625136395,0.2833,75,100,0.5,0.2559852
"234",0.2,0.25,0.1,0.2228,0.211129637348895,0.243,75,100,0.5,0.2559852
"235",0.3,0.333333333333333,0.2,0.2632,0.284727272727273,0.2132,75,100,0.5,0.2559852
"236",0.35,0.333333333333333,0.4,0.2251,0.239381873340918,0.1977,75,100,0.5,0.2559852
"237",0.3,0.25,0.4,0.2661,0.235646473779385,0.3237,75,100,0.5,0.2559852
"238",0.35,0.285714285714286,0.5,0.20515,0.203638556638858,0.2077,75,100,0.5,0.2559852
"239",0.2,0.125,0.3,0.25085,0.228328426561989,0.2923,75,100,0.5,0.2559852
"240",0.2,0.25,0.1,0.1992,0.200398406374502,0.1972,75,100,0.5,0.2559852
"241",0.15,0,0.3,0.25055,0.22181331549013,0.3022,75,100,0.5,0.2559852
"242",0.35,0.363636363636364,0.3,0.29505,0.311782532831298,0.2506,75,100,0.5,0.2559852
"243",0.2,0.2,0.2,0.2906,0.297915460335842,0.2725,75,100,0.5,0.2559852
"244",0.1,0.166666666666667,0,0.20455,0.186125571018804,0.2339,75,100,0.5,0.2559852
"245",0.2,0.25,0.1,0.25515,0.280186731304426,0.1982,75,100,0.5,0.2559852
"246",0.25,0.272727272727273,0.2,0.2468,0.247959386820625,0.2445,75,100,0.5,0.2559852
"247",0.3,0.333333333333333,0.2,0.27195,0.292057992158293,0.2236,75,100,0.5,0.2559852
"248",0.15,0,0.3,0.26675,0.263701752608652,0.2732,75,100,0.5,0.2559852
"249",0.2,0.125,0.3,0.2639,0.280167597765363,0.2269,75,100,0.5,0.2559852
"250",0.35,0.285714285714286,0.5,0.2987,0.252945508100147,0.3913,75,100,0.5,0.2559852
"251",0.25,0.272727272727273,0.2,0.2444,0.212615246233416,0.2997,75,100,0.5,0.2559852
"252",0.1,0.1,0.1,0.2326,0.255843681519357,0.185,75,100,0.5,0.2559852
"253",0.35,0.363636363636364,0.3,0.1996,0.196933010492333,0.204,75,100,0.5,0.2559852
"254",0.4,0.375,0.5,0.2605,0.224014749942383,0.3266,75,100,0.5,0.2559852
"255",0.25,0.272727272727273,0.2,0.26425,0.278617710583153,0.2318,75,100,0.5,0.2559852
"256",0.15,0.111111111111111,0.2,0.26715,0.2332455034941,0.3307,75,100,0.5,0.2559852
"257",0.25,0,0.5,0.2415,0.16323606044815,0.3577,75,100,0.5,0.2559852
"258",0.15,0.181818181818182,0.1,0.24975,0.241823996698649,0.2651,75,100,0.5,0.2559852
"259",0.15,0.111111111111111,0.2,0.24465,0.222234308713151,0.285,75,100,0.5,0.2559852
"260",0.4,0.4,0.4,0.22275,0.24066972219624,0.1882,75,100,0.5,0.2559852
"261",0.2,0.125,0.3,0.2769,0.238697587256969,0.35,75,100,0.5,0.2559852
"262",0.35,0.333333333333333,0.4,0.33795,0.220555268149681,0.548,75,100,0.5,0.2559852
"263",0.15,0.111111111111111,0.2,0.23555,0.247445325183841,0.212,75,100,0.5,0.2559852
"264",0.35,0.384615384615385,0.2,0.25395,0.280645448872247,0.1931,75,100,0.5,0.2559852
"265",0.3,0.333333333333333,0.2,0.2706,0.26814230846978,0.2759,75,100,0.5,0.2559852
"266",0.2,0.2,0.2,0.2657,0.268798105387803,0.259,75,100,0.5,0.2559852
"267",0.2,0.2,0.2,0.2339,0.240390243902439,0.2214,75,100,0.5,0.2559852
"268",0.15,0.181818181818182,0.1,0.24585,0.244187216909914,0.2491,75,100,0.5,0.2559852
"269",0.2,0,0.4,0.2838,0.245047169811321,0.3598,75,100,0.5,0.2559852
"270",0.2,0.2,0.2,0.27105,0.305859408123463,0.1814,75,100,0.5,0.2559852
"271",0.25,0.222222222222222,0.3,0.21475,0.246376811594203,0.1524,75,100,0.5,0.2559852
"272",0.3,0.3,0.3,0.29055,0.298198284998555,0.2716,75,100,0.5,0.2559852
"273",0.15,0.230769230769231,0,0.23715,0.280464378184248,0.1385,75,100,0.5,0.2559852
"274",0.15,0.111111111111111,0.2,0.2391,0.269359971711457,0.1735,75,100,0.5,0.2559852
"275",0.3,0.3,0.3,0.2436,0.217309812568908,0.2901,75,100,0.5,0.2559852
"276",0.15,0.181818181818182,0.1,0.26845,0.263410646776336,0.2791,75,100,0.5,0.2559852
"277",0.15,0.181818181818182,0.1,0.2517,0.267943925233645,0.2167,75,100,0.5,0.2559852
"278",0.2,0,0.4,0.29815,0.282746744161016,0.3336,75,100,0.5,0.2559852
"279",0.2,0.25,0.1,0.2406,0.250960061443932,0.2198,75,100,0.5,0.2559852
"280",0.3,0.166666666666667,0.5,0.2484,0.224907063197026,0.2911,75,100,0.5,0.2559852
"281",0.3,0.357142857142857,0.1,0.2277,0.213368421052632,0.2527,75,100,0.5,0.2559852
"282",0.3,0.25,0.4,0.3087,0.2665934602245,0.3989,75,100,0.5,0.2559852
"283",0.3,0.25,0.4,0.2242,0.219544437665243,0.2325,75,100,0.5,0.2559852
"284",0.3,0.333333333333333,0.2,0.22,0.243871203805342,0.1734,75,100,0.5,0.2559852
"285",0.1,0.1,0.1,0.2163,0.23555182699478,0.1799,75,100,0.5,0.2559852
"286",0.1,0.1,0.1,0.2837,0.264019201396465,0.3254,75,100,0.5,0.2559852
"287",0.25,0.222222222222222,0.3,0.2606,0.240290735517466,0.2997,75,100,0.5,0.2559852
"288",0.15,0.181818181818182,0.1,0.22265,0.21027890943278,0.244,75,100,0.5,0.2559852
"289",0.25,0.222222222222222,0.3,0.25685,0.238520270996881,0.2919,75,100,0.5,0.2559852
"290",0.3,0,0.6,0.2657,0.195714285714286,0.3807,75,100,0.5,0.2559852
"291",0.2,0.2,0.2,0.24775,0.25454899289676,0.2339,75,100,0.5,0.2559852
"292",0.2,0.25,0.1,0.24415,0.25306437602548,0.2261,75,100,0.5,0.2559852
"293",0.35,0.333333333333333,0.4,0.3185,0.322337509788567,0.3077,75,100,0.5,0.2559852
"294",0.25,0.272727272727273,0.2,0.21065,0.196475401237806,0.234,75,100,0.5,0.2559852
"295",0.15,0,0.3,0.32155,0.327534551077607,0.3042,75,100,0.5,0.2559852
"296",0.1,0,0.2,0.26005,0.252552335773951,0.2752,75,100,0.5,0.2559852
"297",0.2,0.125,0.3,0.21125,0.213456385829116,0.2074,75,100,0.5,0.2559852
"298",0.25,0.222222222222222,0.3,0.2462,0.205636743215031,0.3151,75,100,0.5,0.2559852
"299",0.35,0.363636363636364,0.3,0.27805,0.292395472827612,0.2435,75,100,0.5,0.2559852
"300",0.25,0.272727272727273,0.2,0.277,0.282989490073959,0.2632,75,100,0.5,0.2559852
"301",0.45,0.454545454545455,0.4,0.2833,0.30696597185106,0.222,75,100,0.5,0.2559852
"302",0.3,0.333333333333333,0.2,0.272,0.264267990074442,0.2884,75,100,0.5,0.2559852
"303",0.3,0.3,0.3,0.3139,0.301132720666809,0.346,75,100,0.5,0.2559852
"304",0.15,0.230769230769231,0,0.2466,0.25839054157132,0.2222,75,100,0.5,0.2559852
"305",0.25,0.272727272727273,0.2,0.2453,0.255425388899558,0.2246,75,100,0.5,0.2559852
"306",0.3,0.3,0.3,0.23015,0.220449601160261,0.2475,75,100,0.5,0.2559852
"307",0.35,0.333333333333333,0.4,0.2472,0.230720068172135,0.2778,75,100,0.5,0.2559852
"308",0.2,0.25,0.1,0.27345,0.274195155985249,0.2718,75,100,0.5,0.2559852
"309",0.25,0.222222222222222,0.3,0.30705,0.317748181732313,0.2777,75,100,0.5,0.2559852
"310",0.25,0.272727272727273,0.2,0.211,0.216388616290481,0.2015,75,100,0.5,0.2559852
"311",0.25,0.222222222222222,0.3,0.2887,0.261404697380307,0.3459,75,100,0.5,0.2559852
"312",0.2,0.125,0.3,0.23445,0.210509102801701,0.2758,75,100,0.5,0.2559852
"313",0.2,0.2,0.2,0.26695,0.250134019513241,0.3006,75,100,0.5,0.2559852
"314",0.4,0.416666666666667,0.3,0.2742,0.280861801242236,0.259,75,100,0.5,0.2559852
"315",0.2,0.25,0.1,0.2493,0.213420210333791,0.3119,75,100,0.5,0.2559852
"316",0.55,0.555555555555556,0.6,0.2865,0.295066231522365,0.2656,75,100,0.5,0.2559852
"317",0.2,0.2,0.2,0.25245,0.224485253199777,0.3032,75,100,0.5,0.2559852
"318",0.2,0.2,0.2,0.24705,0.235932769600167,0.2681,75,100,0.5,0.2559852
"319",0.15,0.181818181818182,0.1,0.2696,0.288933675338952,0.2238,75,100,0.5,0.2559852
"320",0.3,0.25,0.4,0.25905,0.23147219436086,0.3104,75,100,0.5,0.2559852
"321",0.35,0.333333333333333,0.4,0.25315,0.274380769582305,0.2061,75,100,0.5,0.2559852
"322",0.1,0.1,0.1,0.23915,0.199239017640955,0.3055,75,100,0.5,0.2559852
"323",0.1,0.1,0.1,0.21595,0.1855419019152,0.2643,75,100,0.5,0.2559852
"324",0.25,0.222222222222222,0.3,0.2302,0.246714232069095,0.1976,75,100,0.5,0.2559852
"325",0.1,0.1,0.1,0.27285,0.293556302826502,0.2227,75,100,0.5,0.2559852
"326",0.25,0.272727272727273,0.2,0.23985,0.256071261134552,0.2066,75,100,0.5,0.2559852
"327",0.25,0.222222222222222,0.3,0.27195,0.259669090525872,0.2975,75,100,0.5,0.2559852
"328",0.35,0.384615384615385,0.2,0.26465,0.263395998793606,0.2673,75,100,0.5,0.2559852
"329",0.35,0.384615384615385,0.2,0.29085,0.30767816091954,0.2471,75,100,0.5,0.2559852
"330",0.2,0.2,0.2,0.2718,0.234589439404513,0.3419,75,100,0.5,0.2559852
"331",0.25,0.333333333333333,0,0.2587,0.254576891781937,0.2671,75,100,0.5,0.2559852
"332",0.25,0.222222222222222,0.3,0.26125,0.249291189751129,0.2851,75,100,0.5,0.2559852
"333",0.3,0.25,0.4,0.21935,0.230377557882602,0.1989,75,100,0.5,0.2559852
"334",0.05,0,0.1,0.2355,0.175619327937209,0.3278,75,100,0.5,0.2559852
"335",0.2,0,0.4,0.23895,0.195993944334459,0.3096,75,100,0.5,0.2559852
"336",0.4,0.428571428571429,0.2,0.26675,0.277454441370098,0.2427,75,100,0.5,0.2559852
"337",0.25,0.272727272727273,0.2,0.25435,0.253041117925003,0.257,75,100,0.5,0.2559852
"338",0.2,0.25,0.1,0.30435,0.338665787086666,0.198,75,100,0.5,0.2559852
"339",0.35,0.285714285714286,0.5,0.2338,0.228145424836601,0.2442,75,100,0.5,0.2559852
"340",0.25,0.142857142857143,0.4,0.24425,0.25575398720275,0.2207,75,100,0.5,0.2559852
"341",0.4,0.25,0.7,0.2688,0.228702182586247,0.3427,75,100,0.5,0.2559852
"342",0.25,0.142857142857143,0.4,0.2943,0.265610756608933,0.3555,75,100,0.5,0.2559852
"343",0.2,0.125,0.3,0.2289,0.209494213459066,0.2623,75,100,0.5,0.2559852
"344",0.25,0.272727272727273,0.2,0.2334,0.25603953147877,0.187,75,100,0.5,0.2559852
"345",0.35,0.285714285714286,0.5,0.3539,0.30378726833199,0.4816,75,100,0.5,0.2559852
"346",0.2,0.125,0.3,0.24705,0.275454948956946,0.1838,75,100,0.5,0.2559852
"347",0.35,0.363636363636364,0.3,0.25565,0.26958981612447,0.2254,75,100,0.5,0.2559852
"348",0.05,0,0.1,0.2388,0.221475794412455,0.2699,75,100,0.5,0.2559852
"349",0.2,0.285714285714286,0,0.32065,0.312218615851743,0.3431,75,100,0.5,0.2559852
"350",0.15,0.111111111111111,0.2,0.2565,0.277990517870168,0.2081,75,100,0.5,0.2559852
"351",0.3,0.25,0.4,0.2499,0.242058580858086,0.2651,75,100,0.5,0.2559852
"352",0.3,0.25,0.4,0.2833,0.267838011570602,0.3166,75,100,0.5,0.2559852
"353",0.35,0.285714285714286,0.5,0.31705,0.285546829211112,0.3905,75,100,0.5,0.2559852
"354",0.3,0.333333333333333,0.2,0.22145,0.22773922392728,0.2099,75,100,0.5,0.2559852
"355",0.3,0.333333333333333,0.2,0.3249,0.349854227405248,0.2418,75,100,0.5,0.2559852
"356",0.3,0.357142857142857,0.1,0.24635,0.264506545353263,0.2078,75,100,0.5,0.2559852
"357",0.25,0.333333333333333,0,0.20105,0.219322129377523,0.1685,75,100,0.5,0.2559852
"358",0.2,0.285714285714286,0,0.2438,0.235603715170279,0.2593,75,100,0.5,0.2559852
"359",0.2,0.285714285714286,0,0.2851,0.318985849056604,0.1915,75,100,0.5,0.2559852
"360",0.15,0,0.3,0.20805,0.222349025202092,0.1823,75,100,0.5,0.2559852
"361",0.4,0.416666666666667,0.3,0.26095,0.275813560911563,0.2278,75,100,0.5,0.2559852
"362",0.3,0.3,0.3,0.1957,0.223665092626226,0.1451,75,100,0.5,0.2559852
"363",0.3,0.3,0.3,0.2859,0.282683719041819,0.2933,75,100,0.5,0.2559852
"364",0.2,0.125,0.3,0.25265,0.264451004666222,0.2276,75,100,0.5,0.2559852
"365",0.5,0.5,0.4,0.30135,0.317534674382291,0.257,75,100,0.5,0.2559852
"366",0.15,0.111111111111111,0.2,0.2358,0.222362337116435,0.26,75,100,0.5,0.2559852
"367",0.3,0.166666666666667,0.5,0.2592,0.246579667438434,0.2841,75,100,0.5,0.2559852
"368",0.15,0.111111111111111,0.2,0.26165,0.265334252239835,0.2538,75,100,0.5,0.2559852
"369",0.15,0.111111111111111,0.2,0.2495,0.21822272215973,0.305,75,100,0.5,0.2559852
"370",0.35,0.384615384615385,0.2,0.21935,0.240403292942374,0.1788,75,100,0.5,0.2559852
"371",0.15,0.111111111111111,0.2,0.2154,0.206173859178195,0.2311,75,100,0.5,0.2559852
"372",0.2,0.125,0.3,0.256,0.267175572519084,0.232,75,100,0.5,0.2559852
"373",0.3,0.166666666666667,0.5,0.3237,0.227848101265823,0.4998,75,100,0.5,0.2559852
"374",0.1,0.1,0.1,0.24675,0.250172634901845,0.2399,75,100,0.5,0.2559852
"375",0.25,0.142857142857143,0.4,0.266,0.242517605633803,0.3116,75,100,0.5,0.2559852
"376",0.45,0.444444444444444,0.5,0.29105,0.251457119067444,0.3707,75,100,0.5,0.2559852
"377",0.35,0.363636363636364,0.3,0.2405,0.27260778128286,0.1699,75,100,0.5,0.2559852
"378",0.25,0.142857142857143,0.4,0.2315,0.224332648870637,0.2445,75,100,0.5,0.2559852
"379",0.3,0.333333333333333,0.2,0.26745,0.281376327912005,0.2356,75,100,0.5,0.2559852
"380",0.35,0.363636363636364,0.3,0.24045,0.243654320987654,0.2342,75,100,0.5,0.2559852
"381",0.3,0.25,0.4,0.29255,0.291528489599035,0.295,75,100,0.5,0.2559852
"382",0.15,0,0.3,0.2403,0.232268041237113,0.2553,75,100,0.5,0.2559852
"383",0.2,0.2,0.2,0.2208,0.217523269931202,0.2266,75,100,0.5,0.2559852
"384",0.1,0.1,0.1,0.2667,0.263914187411455,0.2726,75,100,0.5,0.2559852
"385",0.2,0.2,0.2,0.3218,0.312025316455696,0.3478,75,100,0.5,0.2559852
"386",0.35,0.363636363636364,0.3,0.2484,0.264815853430548,0.2135,75,100,0.5,0.2559852
"387",0.4,0.375,0.5,0.29415,0.255783604223514,0.3727,75,100,0.5,0.2559852
"388",0.3,0.3,0.3,0.23095,0.219827137352911,0.2508,75,100,0.5,0.2559852
"389",0.2,0.125,0.3,0.21695,0.221215404313996,0.2093,75,100,0.5,0.2559852
"390",0.4,0.416666666666667,0.3,0.255,0.245533859576236,0.2736,75,100,0.5,0.2559852
"391",0.2,0.25,0.1,0.25905,0.242931825456097,0.2904,75,100,0.5,0.2559852
"392",0.15,0.111111111111111,0.2,0.22235,0.235243634976638,0.198,75,100,0.5,0.2559852
"393",0.15,0.111111111111111,0.2,0.2474,0.204215456674473,0.3204,75,100,0.5,0.2559852
"394",0.2,0.125,0.3,0.2274,0.228161148783406,0.226,75,100,0.5,0.2559852
"395",0.25,0.272727272727273,0.2,0.2258,0.189748811948405,0.2839,75,100,0.5,0.2559852
"396",0.1,0.1,0.1,0.2241,0.264510071696825,0.1383,75,100,0.5,0.2559852
"397",0.2,0.2,0.2,0.2097,0.173746909417847,0.2648,75,100,0.5,0.2559852
"398",0.3,0.3,0.3,0.2539,0.243164266332707,0.2748,75,100,0.5,0.2559852
"399",0.3,0.3,0.3,0.2169,0.233978575455741,0.1848,75,100,0.5,0.2559852
"400",0.15,0.230769230769231,0,0.2271,0.262199372603695,0.1533,75,100,0.5,0.2559852
"401",0.2,0.125,0.3,0.22555,0.232113225963885,0.2133,75,100,0.5,0.2559852
"402",0.15,0,0.3,0.20075,0.193987115246958,0.2118,75,100,0.5,0.2559852
"403",0.15,0.181818181818182,0.1,0.2532,0.234965635738832,0.2876,75,100,0.5,0.2559852
"404",0.25,0.222222222222222,0.3,0.2471,0.207291666666667,0.3151,75,100,0.5,0.2559852
"405",0.2,0.125,0.3,0.2053,0.229781771501926,0.16,75,100,0.5,0.2559852
"406",0.3,0.357142857142857,0.1,0.32265,0.35100394858439,0.2275,75,100,0.5,0.2559852
"407",0.25,0.272727272727273,0.2,0.2418,0.278786840301576,0.1582,75,100,0.5,0.2559852
"408",0.2,0.2,0.2,0.25415,0.238985030257989,0.2832,75,100,0.5,0.2559852
"409",0.45,0.428571428571429,0.6,0.25055,0.236783792339348,0.2767,75,100,0.5,0.2559852
"410",0.2,0.2,0.2,0.24695,0.241601143674053,0.2573,75,100,0.5,0.2559852
"411",0.2,0,0.4,0.2,0.213521772345302,0.1764,75,100,0.5,0.2559852
"412",0.25,0.307692307692308,0.1,0.23555,0.25624481519034,0.1931,75,100,0.5,0.2559852
"413",0.3,0.166666666666667,0.5,0.23335,0.227824844340104,0.2435,75,100,0.5,0.2559852
"414",0.3,0.25,0.4,0.31315,0.30550640158218,0.3328,75,100,0.5,0.2559852
"415",0.5,0.5,0.5,0.24925,0.235579457977433,0.2751,75,100,0.5,0.2559852
"416",0.15,0.111111111111111,0.2,0.25675,0.242565350830776,0.2843,75,100,0.5,0.2559852
"417",0.2,0.2,0.2,0.30335,0.322437923250564,0.2496,75,100,0.5,0.2559852
"418",0.35,0.333333333333333,0.4,0.2052,0.163470319634703,0.2672,75,100,0.5,0.2559852
"419",0.2,0.2,0.2,0.30795,0.30405060708091,0.3179,75,100,0.5,0.2559852
"420",0.1,0,0.2,0.20375,0.198227564429052,0.2129,75,100,0.5,0.2559852
"421",0.2,0.2,0.2,0.22005,0.210286660457415,0.2369,75,100,0.5,0.2559852
"422",0,0,0,0.2019,0.22408367271381,0.1617,75,100,0.5,0.2559852
"423",0.35,0.384615384615385,0.2,0.2537,0.26623006833713,0.2269,75,100,0.5,0.2559852
"424",0.3,0.333333333333333,0.2,0.25475,0.215915672419785,0.3231,75,100,0.5,0.2559852
"425",0.2,0.25,0.1,0.23295,0.250676874241434,0.1974,75,100,0.5,0.2559852
"426",0.3,0.25,0.4,0.3333,0.294856017720896,0.427,75,100,0.5,0.2559852
"427",0.3,0.3,0.3,0.24385,0.243978010994503,0.2436,75,100,0.5,0.2559852
"428",0.3,0.333333333333333,0.2,0.2244,0.237972998668948,0.1985,75,100,0.5,0.2559852
"429",0.25,0.142857142857143,0.4,0.33645,0.300815978565339,0.4259,75,100,0.5,0.2559852
"430",0.2,0.285714285714286,0,0.26715,0.284497917630727,0.2269,75,100,0.5,0.2559852
"431",0.25,0.222222222222222,0.3,0.282,0.274700289375775,0.2982,75,100,0.5,0.2559852
"432",0.2,0.25,0.1,0.25105,0.252952267539942,0.2472,75,100,0.5,0.2559852
"433",0.2,0.285714285714286,0,0.24095,0.272423789862075,0.1718,75,100,0.5,0.2559852
"434",0.25,0.142857142857143,0.4,0.22565,0.222850793009395,0.2307,75,100,0.5,0.2559852
"435",0.45,0.461538461538462,0.3,0.2674,0.286095273128564,0.2237,75,100,0.5,0.2559852
"436",0.35,0.333333333333333,0.4,0.2147,0.219689526429554,0.2058,75,100,0.5,0.2559852
"437",0.15,0.181818181818182,0.1,0.21315,0.231690206715929,0.1786,75,100,0.5,0.2559852
"438",0.2,0.125,0.3,0.2132,0.235716918540361,0.1706,75,100,0.5,0.2559852
"439",0.2,0.2,0.2,0.2478,0.243647082740394,0.2559,75,100,0.5,0.2559852
"440",0.35,0.333333333333333,0.4,0.20735,0.228247748166032,0.1689,75,100,0.5,0.2559852
"441",0.4,0.4,0.4,0.2951,0.321235386494504,0.222,75,100,0.5,0.2559852
"442",0.25,0.142857142857143,0.4,0.31545,0.264394229541683,0.4238,75,100,0.5,0.2559852
"443",0.1,0.166666666666667,0,0.2688,0.292682926829268,0.2112,75,100,0.5,0.2559852
"444",0.1,0.1,0.1,0.20185,0.21875294783511,0.1718,75,100,0.5,0.2559852
"445",0.3,0.3,0.3,0.27,0.268658217662442,0.2729,75,100,0.5,0.2559852
"446",0.15,0.230769230769231,0,0.3134,0.3125,0.3158,75,100,0.5,0.2559852
"447",0.35,0.333333333333333,0.4,0.27415,0.275875756673613,0.2703,75,100,0.5,0.2559852
"448",0.4,0.375,0.5,0.2742,0.287181903864279,0.2437,75,100,0.5,0.2559852
"449",0.35,0.333333333333333,0.4,0.2652,0.208757132225254,0.3621,75,100,0.5,0.2559852
"450",0.3,0.333333333333333,0.2,0.21405,0.202290473711609,0.2338,75,100,0.5,0.2559852
"451",0.35,0.384615384615385,0.2,0.29655,0.317615419094576,0.2388,75,100,0.5,0.2559852
"452",0.2,0.125,0.3,0.2335,0.241111326986594,0.2188,75,100,0.5,0.2559852
"453",0.15,0,0.3,0.21435,0.205302795832044,0.2297,75,100,0.5,0.2559852
"454",0.15,0,0.3,0.3256,0.311459459459459,0.3631,75,100,0.5,0.2559852
"455",0.15,0.111111111111111,0.2,0.2515,0.223273942093541,0.3025,75,100,0.5,0.2559852
"456",0.3,0.166666666666667,0.5,0.27625,0.289491015147239,0.2448,75,100,0.5,0.2559852
"457",0.2,0.125,0.3,0.24975,0.220547180346175,0.302,75,100,0.5,0.2559852
"458",0.3,0.3,0.3,0.2066,0.212915851272016,0.1956,75,100,0.5,0.2559852
"459",0.3,0.25,0.4,0.30635,0.296307983591038,0.331,75,100,0.5,0.2559852
"460",0.3,0.333333333333333,0.2,0.2543,0.266799544419134,0.2275,75,100,0.5,0.2559852
"461",0.55,0.545454545454545,0.5,0.3475,0.36420302760463,0.286,75,100,0.5,0.2559852
"462",0.25,0.272727272727273,0.2,0.2384,0.233278955954323,0.248,75,100,0.5,0.2559852
"463",0.35,0.384615384615385,0.2,0.2238,0.21366369479577,0.2415,75,100,0.5,0.2559852
"464",0.2,0.2,0.2,0.2625,0.267111198274171,0.2526,75,100,0.5,0.2559852
"465",0.15,0.181818181818182,0.1,0.2364,0.265980113636364,0.1732,75,100,0.5,0.2559852
"466",0.3,0.25,0.4,0.28665,0.276432987530127,0.3095,75,100,0.5,0.2559852
"467",0.2,0.25,0.1,0.2964,0.319022222222222,0.2339,75,100,0.5,0.2559852
"468",0.3,0.166666666666667,0.5,0.26385,0.267683226758485,0.2556,75,100,0.5,0.2559852
"469",0.2,0.2,0.2,0.30715,0.288472085115718,0.3513,75,100,0.5,0.2559852
"470",0.2,0.125,0.3,0.2268,0.215179316096747,0.2472,75,100,0.5,0.2559852
"471",0.45,0.454545454545455,0.4,0.25485,0.22926559911651,0.3021,75,100,0.5,0.2559852
"472",0.35,0.384615384615385,0.2,0.27755,0.304714248090598,0.208,75,100,0.5,0.2559852
"473",0.2,0.125,0.3,0.2421,0.188676967648479,0.3279,75,100,0.5,0.2559852
"474",0.3,0.25,0.4,0.24365,0.24218042844212,0.2465,75,100,0.5,0.2559852
"475",0.15,0.111111111111111,0.2,0.2425,0.227801268498943,0.2695,75,100,0.5,0.2559852
"476",0.25,0.272727272727273,0.2,0.2112,0.216083366103028,0.2026,75,100,0.5,0.2559852
"477",0.1,0.1,0.1,0.25985,0.26736413833188,0.2437,75,100,0.5,0.2559852
"478",0.45,0.428571428571429,0.6,0.25865,0.234342322509631,0.3044,75,100,0.5,0.2559852
"479",0.25,0.222222222222222,0.3,0.2786,0.296320147194112,0.2351,75,100,0.5,0.2559852
"480",0.3,0.25,0.4,0.2958,0.268428215014743,0.3549,75,100,0.5,0.2559852
"481",0.25,0.307692307692308,0.1,0.23725,0.252192775629539,0.2071,75,100,0.5,0.2559852
"482",0.3,0.25,0.4,0.2656,0.265974440894569,0.2648,75,100,0.5,0.2559852
"483",0.45,0.444444444444444,0.5,0.29265,0.261584454409567,0.3578,75,100,0.5,0.2559852
"484",0.4,0.4,0.4,0.29455,0.295470383275261,0.2923,75,100,0.5,0.2559852
"485",0.35,0.384615384615385,0.2,0.2779,0.27396702625687,0.2866,75,100,0.5,0.2559852
"486",0.25,0,0.5,0.2921,0.170940170940171,0.4762,75,100,0.5,0.2559852
"487",0.15,0.111111111111111,0.2,0.21445,0.143908217982292,0.3135,75,100,0.5,0.2559852
"488",0.2,0.25,0.1,0.20885,0.238150912851875,0.1529,75,100,0.5,0.2559852
"489",0.3,0.3,0.3,0.2229,0.239322671683913,0.1914,75,100,0.5,0.2559852
"490",0.25,0.222222222222222,0.3,0.25125,0.255912079285644,0.2417,75,100,0.5,0.2559852
"491",0.5,0.5,0.7,0.37075,0.354333370900485,0.4271,75,100,0.5,0.2559852
"492",0.4,0.416666666666667,0.3,0.2173,0.1914429163938,0.2592,75,100,0.5,0.2559852
"493",0.25,0.307692307692308,0.1,0.26115,0.267089224768406,0.2484,75,100,0.5,0.2559852
"494",0.2,0.2,0.2,0.25905,0.307594026990338,0.1329,75,100,0.5,0.2559852
"495",0.25,0.272727272727273,0.2,0.2426,0.26302706683852,0.1995,75,100,0.5,0.2559852
"496",0.3,0.25,0.4,0.2549,0.231132075471698,0.2991,75,100,0.5,0.2559852
"497",0.2,0.125,0.3,0.28015,0.285742130396647,0.2671,75,100,0.5,0.2559852
"498",0.5,0.5,0.3,0.2607,0.261177644710579,0.2597,75,100,0.5,0.2559852
"499",0.15,0,0.3,0.2192,0.198453608247423,0.2536,75,100,0.5,0.2559852
"500",0.4,0.4,0.4,0.23645,0.274801332991541,0.1513,75,100,0.5,0.2559852
"501",0.3,0.357142857142857,0.1,0.29075,0.295154185022026,0.28,75,100,0.5,0.2559852
"502",0.1,0.1,0.1,0.2309,0.228784519250151,0.2348,75,100,0.5,0.2559852
"503",0.25,0.222222222222222,0.3,0.232,0.242950316516401,0.2107,75,100,0.5,0.2559852
"504",0.25,0.222222222222222,0.3,0.2323,0.196966266696853,0.2906,75,100,0.5,0.2559852
"505",0.25,0.272727272727273,0.2,0.2294,0.180293005671078,0.3062,75,100,0.5,0.2559852
"506",0.35,0.333333333333333,0.4,0.24285,0.242824282428243,0.2429,75,100,0.5,0.2559852
"507",0.1,0,0.2,0.2176,0.201100762066046,0.2452,75,100,0.5,0.2559852
"508",0.35,0.285714285714286,0.5,0.2247,0.182980193459235,0.2905,75,100,0.5,0.2559852
"509",0.3,0.25,0.4,0.29635,0.246356956034375,0.3949,75,100,0.5,0.2559852
"510",0.25,0.142857142857143,0.4,0.2647,0.216710811461594,0.3494,75,100,0.5,0.2559852
"511",0.15,0.230769230769231,0,0.23535,0.263726452995268,0.1753,75,100,0.5,0.2559852
"512",0.25,0.272727272727273,0.2,0.2385,0.218089693833549,0.2747,75,100,0.5,0.2559852
"513",0.25,0.142857142857143,0.4,0.2356,0.183201533668823,0.3183,75,100,0.5,0.2559852
"514",0.2,0.125,0.3,0.25655,0.252817544928419,0.2641,75,100,0.5,0.2559852
"515",0,0,0,0.27105,0.269040653687078,0.2754,75,100,0.5,0.2559852
"516",0.3,0.25,0.4,0.23545,0.229858061880935,0.2458,75,100,0.5,0.2559852
"517",0.25,0.142857142857143,0.4,0.1896,0.195686274509804,0.1796,75,100,0.5,0.2559852
"518",0.45,0.454545454545455,0.4,0.27635,0.295211061258127,0.2303,75,100,0.5,0.2559852
"519",0.4,0.333333333333333,0.6,0.25305,0.214409621834162,0.3207,75,100,0.5,0.2559852
"520",0.2,0.125,0.3,0.22425,0.210437887220414,0.2481,75,100,0.5,0.2559852
"521",0.4,0.375,0.5,0.2437,0.240796925566343,0.2493,75,100,0.5,0.2559852
"522",0.25,0.142857142857143,0.4,0.25925,0.255558939993908,0.2668,75,100,0.5,0.2559852
"523",0.1,0.166666666666667,0,0.26785,0.285898736512035,0.2257,75,100,0.5,0.2559852
"524",0.15,0.181818181818182,0.1,0.2441,0.231535879143936,0.2675,75,100,0.5,0.2559852
"525",0.2,0.2,0.2,0.27145,0.284975068209615,0.24,75,100,0.5,0.2559852
"526",0.25,0.272727272727273,0.2,0.21555,0.217162175599085,0.2127,75,100,0.5,0.2559852
"527",0.25,0.222222222222222,0.3,0.2369,0.222994314592546,0.262,75,100,0.5,0.2559852
"528",0.15,0.181818181818182,0.1,0.22665,0.238646142078593,0.2037,75,100,0.5,0.2559852
"529",0.3,0.333333333333333,0.2,0.276,0.318447074080078,0.1591,75,100,0.5,0.2559852
"530",0.2,0.2,0.2,0.2727,0.267015170151702,0.2849,75,100,0.5,0.2559852
"531",0.25,0.142857142857143,0.4,0.2292,0.214165083386109,0.2555,75,100,0.5,0.2559852
"532",0.15,0.111111111111111,0.2,0.2555,0.235904082955282,0.2926,75,100,0.5,0.2559852
"533",0.1,0,0.2,0.2124,0.214058460926626,0.2095,75,100,0.5,0.2559852
"534",0.1,0.1,0.1,0.20675,0.183281131871692,0.2438,75,100,0.5,0.2559852
"535",0.25,0.222222222222222,0.3,0.2191,0.181157775255392,0.2786,75,100,0.5,0.2559852
"536",0.4,0.416666666666667,0.3,0.2386,0.249568882927764,0.2167,75,100,0.5,0.2559852
"537",0.45,0.454545454545455,0.4,0.2802,0.270035572295459,0.3023,75,100,0.5,0.2559852
"538",0.2,0.2,0.2,0.23625,0.225117248566962,0.2565,75,100,0.5,0.2559852
"539",0.25,0.272727272727273,0.2,0.2602,0.262291831879461,0.2558,75,100,0.5,0.2559852
"540",0.2,0.25,0.1,0.32805,0.331504164625184,0.3178,75,100,0.5,0.2559852
"541",0.25,0.142857142857143,0.4,0.2759,0.273086269744836,0.2821,75,100,0.5,0.2559852
"542",0.25,0.272727272727273,0.2,0.302,0.324561403508772,0.2377,75,100,0.5,0.2559852
"543",0.4,0.4,0.4,0.27465,0.27179746835443,0.2809,75,100,0.5,0.2559852
"544",0.2,0.125,0.3,0.2384,0.217494600431965,0.2754,75,100,0.5,0.2559852
"545",0.45,0.444444444444444,0.5,0.22535,0.213219170930354,0.2465,75,100,0.5,0.2559852
"546",0.1,0,0.2,0.22795,0.188480476354059,0.2913,75,100,0.5,0.2559852
"547",0.2,0.2,0.2,0.2373,0.279651065257507,0.1412,75,100,0.5,0.2559852
"548",0.2,0.2,0.2,0.2516,0.232845773284577,0.2867,75,100,0.5,0.2559852
"549",0.15,0.181818181818182,0.1,0.25265,0.209239449864817,0.3273,75,100,0.5,0.2559852
"550",0.1,0.166666666666667,0,0.28335,0.290656102038844,0.2659,75,100,0.5,0.2559852
"551",0.35,0.2,0.6,0.35095,0.319792044492806,0.4374,75,100,0.5,0.2559852
"552",0.3,0.3,0.3,0.2584,0.236129314110965,0.3006,75,100,0.5,0.2559852
"553",0.15,0.181818181818182,0.1,0.2875,0.304938498255921,0.2428,75,100,0.5,0.2559852
"554",0.2,0.25,0.1,0.325,0.340444930707513,0.2766,75,100,0.5,0.2559852
"555",0.1,0.1,0.1,0.22555,0.252591724510953,0.1709,75,100,0.5,0.2559852
"556",0.1,0.166666666666667,0,0.1984,0.216754320060105,0.166,75,100,0.5,0.2559852
"557",0.3,0.3,0.3,0.31495,0.282575490541652,0.3894,75,100,0.5,0.2559852
"558",0.15,0.111111111111111,0.2,0.22405,0.173315970166923,0.3017,75,100,0.5,0.2559852
"559",0.25,0.272727272727273,0.2,0.23495,0.223877487238254,0.255,75,100,0.5,0.2559852
"560",0.25,0.272727272727273,0.2,0.2804,0.30201947349441,0.2258,75,100,0.5,0.2559852
"561",0.3,0.25,0.4,0.30225,0.255471744775566,0.3979,75,100,0.5,0.2559852
"562",0.2,0.125,0.3,0.22845,0.231218449965357,0.2233,75,100,0.5,0.2559852
"563",0.1,0.166666666666667,0,0.26825,0.298880499869826,0.1921,75,100,0.5,0.2559852
"564",0.15,0,0.3,0.24285,0.239066463723998,0.2501,75,100,0.5,0.2559852
"565",0.25,0.272727272727273,0.2,0.25395,0.25002539876054,0.2618,75,100,0.5,0.2559852
"566",0.4,0.416666666666667,0.3,0.2701,0.263136204409644,0.2848,75,100,0.5,0.2559852
"567",0.7,0.7,0.7,0.33185,0.344117919718179,0.2925,75,100,0.5,0.2559852
"568",0.3,0.333333333333333,0.2,0.2537,0.278068120382051,0.1988,75,100,0.5,0.2559852
"569",0.25,0.307692307692308,0.1,0.23505,0.197303781560608,0.2974,75,100,0.5,0.2559852
"570",0.25,0.222222222222222,0.3,0.22265,0.214983043880382,0.2361,75,100,0.5,0.2559852
"571",0.3,0.3,0.3,0.27185,0.280308136735676,0.2526,75,100,0.5,0.2559852
"572",0.25,0.333333333333333,0,0.2596,0.265783320342946,0.2464,75,100,0.5,0.2559852
"573",0.4,0.416666666666667,0.3,0.2936,0.313684780646326,0.2397,75,100,0.5,0.2559852
"574",0.2,0.2,0.2,0.2347,0.235651654045436,0.2329,75,100,0.5,0.2559852
"575",0.25,0.222222222222222,0.3,0.2645,0.247263361236317,0.2986,75,100,0.5,0.2559852
"576",0.15,0.230769230769231,0,0.2529,0.275812012338958,0.2018,75,100,0.5,0.2559852
"577",0.2,0.125,0.3,0.2754,0.259064578416649,0.3093,75,100,0.5,0.2559852
"578",0.3,0.3,0.3,0.25145,0.169700996677741,0.3752,75,100,0.5,0.2559852
"579",0.1,0.1,0.1,0.2425,0.244695617687884,0.2382,75,100,0.5,0.2559852
"580",0.25,0.272727272727273,0.2,0.26675,0.271525124889803,0.2563,75,100,0.5,0.2559852
"581",0.2,0.2,0.2,0.23795,0.27703565047222,0.1503,75,100,0.5,0.2559852
"582",0.3,0.25,0.4,0.23635,0.254034891314488,0.2004,75,100,0.5,0.2559852
"583",0.3,0.333333333333333,0.2,0.23195,0.243517366759162,0.2094,75,100,0.5,0.2559852
"584",0.1,0.1,0.1,0.25355,0.256784762656666,0.2469,75,100,0.5,0.2559852
"585",0.25,0.142857142857143,0.4,0.2417,0.203648462597522,0.3059,75,100,0.5,0.2559852
"586",0.45,0.444444444444444,0.5,0.3193,0.33058316144759,0.286,75,100,0.5,0.2559852
"587",0.25,0.272727272727273,0.2,0.28755,0.268143621084798,0.3294,75,100,0.5,0.2559852
"588",0.25,0.222222222222222,0.3,0.22955,0.231136295854459,0.2266,75,100,0.5,0.2559852
"589",0.2,0.125,0.3,0.2112,0.23821609862219,0.1596,75,100,0.5,0.2559852
"590",0.15,0.111111111111111,0.2,0.2565,0.275161588180979,0.215,75,100,0.5,0.2559852
"591",0.25,0.222222222222222,0.3,0.2084,0.21733229934083,0.1926,75,100,0.5,0.2559852
"592",0.25,0.307692307692308,0.1,0.28115,0.311644719855409,0.2002,75,100,0.5,0.2559852
"593",0.25,0.222222222222222,0.3,0.2522,0.249088699878493,0.2584,75,100,0.5,0.2559852
"594",0.25,0.142857142857143,0.4,0.23035,0.216068232073286,0.2555,75,100,0.5,0.2559852
"595",0.15,0.181818181818182,0.1,0.22465,0.240162310087761,0.1948,75,100,0.5,0.2559852
"596",0.15,0,0.3,0.26735,0.258235477501819,0.2862,75,100,0.5,0.2559852
"597",0.15,0.181818181818182,0.1,0.24165,0.289634394593274,0.1276,75,100,0.5,0.2559852
"598",0.4,0.333333333333333,0.6,0.2272,0.223830734966592,0.2333,75,100,0.5,0.2559852
"599",0.15,0.111111111111111,0.2,0.255,0.279040404040404,0.2006,75,100,0.5,0.2559852
"600",0.15,0.181818181818182,0.1,0.24745,0.22292923752057,0.2917,75,100,0.5,0.2559852
"601",0.3,0.25,0.4,0.3091,0.246278575225944,0.4329,75,100,0.5,0.2559852
"602",0.25,0.222222222222222,0.3,0.2274,0.165849472910027,0.3195,75,100,0.5,0.2559852
"603",0.3,0.25,0.4,0.26795,0.1903109568931,0.3933,75,100,0.5,0.2559852
"604",0.4,0.4,0.4,0.28995,0.248352701569426,0.3726,75,100,0.5,0.2559852
"605",0.45,0.428571428571429,0.6,0.3273,0.323125768127816,0.3391,75,100,0.5,0.2559852
"606",0.3,0.333333333333333,0.2,0.267,0.266673342679752,0.2677,75,100,0.5,0.2559852
"607",0.2,0.125,0.3,0.31685,0.30612892981899,0.3445,75,100,0.5,0.2559852
"608",0.15,0.111111111111111,0.2,0.2522,0.261041465766635,0.2337,75,100,0.5,0.2559852
"609",0.15,0.111111111111111,0.2,0.247,0.205813953488372,0.317,75,100,0.5,0.2559852
"610",0.2,0.2,0.2,0.2029,0.175371503496503,0.2453,75,100,0.5,0.2559852
"611",0.15,0.181818181818182,0.1,0.21805,0.191756860172734,0.2607,75,100,0.5,0.2559852
"612",0.35,0.363636363636364,0.3,0.2196,0.234971644612476,0.1906,75,100,0.5,0.2559852
"613",0.25,0.142857142857143,0.4,0.2137,0.191420564776892,0.2498,75,100,0.5,0.2559852
"614",0.35,0.333333333333333,0.4,0.3047,0.302447906129881,0.3104,75,100,0.5,0.2559852
"615",0.3,0.3,0.3,0.2607,0.286415565869332,0.2005,75,100,0.5,0.2559852
"616",0.55,0.571428571428571,0.7,0.3003,0.299658908507223,0.3019,75,100,0.5,0.2559852
"617",0.4,0.375,0.5,0.3173,0.301671732522796,0.3567,75,100,0.5,0.2559852
"618",0.3,0.333333333333333,0.2,0.25385,0.255342411291124,0.2508,75,100,0.5,0.2559852
"619",0.25,0.142857142857143,0.4,0.274,0.221469065812176,0.3683,75,100,0.5,0.2559852
"620",0.35,0.363636363636364,0.3,0.2454,0.239991830065359,0.2558,75,100,0.5,0.2559852
"621",0.35,0.285714285714286,0.5,0.2402,0.211461572634385,0.29,75,100,0.5,0.2559852
"622",0.15,0.181818181818182,0.1,0.23135,0.223980273297031,0.2447,75,100,0.5,0.2559852
"623",0.3,0.25,0.4,0.25385,0.241520529244986,0.2777,75,100,0.5,0.2559852
"624",0.1,0.166666666666667,0,0.21585,0.208115048793015,0.2291,75,100,0.5,0.2559852
"625",0.25,0.142857142857143,0.4,0.2257,0.190056497175141,0.2832,75,100,0.5,0.2559852
"626",0.35,0.285714285714286,0.5,0.20215,0.168797953964194,0.2525,75,100,0.5,0.2559852
"627",0.3,0.25,0.4,0.3535,0.328212945590994,0.4271,75,100,0.5,0.2559852
"628",0.4,0.4,0.4,0.2971,0.30894538606403,0.2661,75,100,0.5,0.2559852
"629",0.05,0.0909090909090909,0,0.2937,0.309931822369633,0.251,75,100,0.5,0.2559852
"630",0.3,0.333333333333333,0.2,0.2908,0.307401951758424,0.2477,75,100,0.5,0.2559852
"631",0.15,0,0.3,0.227,0.258107389686337,0.1627,75,100,0.5,0.2559852
"632",0.35,0.285714285714286,0.5,0.24455,0.236893603872695,0.2591,75,100,0.5,0.2559852
"633",0.2,0.25,0.1,0.2223,0.22747791952895,0.2128,75,100,0.5,0.2559852
"634",0.25,0.142857142857143,0.4,0.2429,0.216412971542025,0.2896,75,100,0.5,0.2559852
"635",0.25,0.142857142857143,0.4,0.31565,0.293907210732253,0.3684,75,100,0.5,0.2559852
"636",0.15,0.181818181818182,0.1,0.2144,0.220219435736677,0.204,75,100,0.5,0.2559852
"637",0.3,0.3,0.3,0.27125,0.282619024992873,0.2451,75,100,0.5,0.2559852
"638",0.45,0.444444444444444,0.5,0.3246,0.339465495149185,0.2783,75,100,0.5,0.2559852
"639",0.25,0.307692307692308,0.1,0.26365,0.298490919942024,0.1772,75,100,0.5,0.2559852
"640",0.15,0.181818181818182,0.1,0.2427,0.246652225285545,0.2349,75,100,0.5,0.2559852
"641",0.2,0.25,0.1,0.2427,0.273822081575246,0.1739,75,100,0.5,0.2559852
"642",0.25,0.222222222222222,0.3,0.2264,0.197412076974121,0.2743,75,100,0.5,0.2559852
"643",0.35,0.333333333333333,0.4,0.27055,0.294749083102245,0.2116,75,100,0.5,0.2559852
"644",0.35,0.4,0.1,0.3122,0.349132390745501,0.1898,75,100,0.5,0.2559852
"645",0.3,0.3,0.3,0.19065,0.146497543137927,0.2531,75,100,0.5,0.2559852
"646",0.2,0.2,0.2,0.22835,0.23967417345472,0.2066,75,100,0.5,0.2559852
"647",0.4,0.375,0.5,0.23865,0.22104813747465,0.2702,75,100,0.5,0.2559852
"648",0.55,0.6,0.8,0.2913,0.239385614385614,0.3909,75,100,0.5,0.2559852
"649",0.1,0.1,0.1,0.31755,0.265999743491086,0.4277,75,100,0.5,0.2559852
"650",0.25,0.272727272727273,0.2,0.2453,0.247221119491862,0.2415,75,100,0.5,0.2559852
"651",0.25,0.222222222222222,0.3,0.2587,0.25748743718593,0.2612,75,100,0.5,0.2559852
"652",0.3,0.3,0.3,0.2492,0.249600638977636,0.2484,75,100,0.5,0.2559852
"653",0.15,0.181818181818182,0.1,0.2406,0.175262894341512,0.3412,75,100,0.5,0.2559852
"654",0.2,0.125,0.3,0.29345,0.307052779075199,0.2582,75,100,0.5,0.2559852
"655",0.55,0.538461538461538,0.4,0.28695,0.284427805322271,0.2928,75,100,0.5,0.2559852
"656",0.1,0,0.2,0.2655,0.256843633347159,0.2833,75,100,0.5,0.2559852
"657",0.2,0.125,0.3,0.237,0.270666201604465,0.1636,75,100,0.5,0.2559852
"658",0.35,0.333333333333333,0.4,0.2603,0.224229176254027,0.3257,75,100,0.5,0.2559852
"659",0.25,0.307692307692308,0.1,0.28305,0.311002700583675,0.2091,75,100,0.5,0.2559852
"660",0.35,0.333333333333333,0.4,0.27395,0.291332040985877,0.2323,75,100,0.5,0.2559852
"661",0.1,0.1,0.1,0.30285,0.265493041513025,0.3825,75,100,0.5,0.2559852
"662",0.2,0,0.4,0.262,0.244580382056235,0.2961,75,100,0.5,0.2559852
"663",0.1,0.1,0.1,0.26615,0.259882944860869,0.2792,75,100,0.5,0.2559852
"664",0.3,0.3,0.3,0.25025,0.229620006495615,0.2884,75,100,0.5,0.2559852
"665",0.15,0,0.3,0.25435,0.211982647438152,0.3279,75,100,0.5,0.2559852
"666",0.45,0.428571428571429,0.6,0.31155,0.332919585069598,0.2476,75,100,0.5,0.2559852
"667",0.35,0.333333333333333,0.4,0.21825,0.225416626059838,0.2052,75,100,0.5,0.2559852
"668",0.25,0.272727272727273,0.2,0.2371,0.261260443152924,0.1865,75,100,0.5,0.2559852
"669",0.5,0.5,0.6,0.31265,0.335931342499343,0.2417,75,100,0.5,0.2559852
"670",0.35,0.333333333333333,0.4,0.2943,0.283564814814815,0.3191,75,100,0.5,0.2559852
"671",0.3,0.3,0.3,0.2338,0.268481475039137,0.1589,75,100,0.5,0.2559852
"672",0.2,0.125,0.3,0.334,0.276220005392289,0.4631,75,100,0.5,0.2559852
"673",0.2,0.2,0.2,0.22975,0.263746831016697,0.1578,75,100,0.5,0.2559852
"674",0.2,0.125,0.3,0.2487,0.194505227327984,0.3374,75,100,0.5,0.2559852
"675",0.35,0.384615384615385,0.2,0.22365,0.223401060954859,0.2241,75,100,0.5,0.2559852
"676",0.3,0.333333333333333,0.2,0.2194,0.200085506626764,0.2516,75,100,0.5,0.2559852
"677",0.3,0.166666666666667,0.5,0.2198,0.217711061857747,0.2235,75,100,0.5,0.2559852
"678",0.15,0.111111111111111,0.2,0.25345,0.275189203975563,0.2051,75,100,0.5,0.2559852
"679",0.35,0.333333333333333,0.4,0.2472,0.205567202422548,0.3179,75,100,0.5,0.2559852
"680",0.3,0.25,0.4,0.2405,0.270759717314488,0.1745,75,100,0.5,0.2559852
"681",0.3,0.333333333333333,0.2,0.2985,0.32739420935412,0.2148,75,100,0.5,0.2559852
"682",0.35,0.4,0.1,0.2824,0.289473684210526,0.2656,75,100,0.5,0.2559852
"683",0.25,0.222222222222222,0.3,0.221,0.234285714285714,0.196,75,100,0.5,0.2559852
"684",0.3,0.333333333333333,0.2,0.23265,0.214155885812039,0.265,75,100,0.5,0.2559852
"685",0.2,0.2,0.2,0.25965,0.207638973360905,0.3486,75,100,0.5,0.2559852
"686",0.45,0.461538461538462,0.3,0.28655,0.271784454185823,0.3189,75,100,0.5,0.2559852
"687",0.25,0.307692307692308,0.1,0.2113,0.224733028222731,0.1869,75,100,0.5,0.2559852
"688",0.5,0.5,0.6,0.3109,0.300147960262101,0.3378,75,100,0.5,0.2559852
"689",0.3,0.333333333333333,0.2,0.26255,0.24497905702932,0.297,75,100,0.5,0.2559852
"690",0.15,0.111111111111111,0.2,0.23015,0.264959498301542,0.1561,75,100,0.5,0.2559852
"691",0,0,0,0.2386,0.235585676714546,0.2443,75,100,0.5,0.2559852
"692",0.25,0.222222222222222,0.3,0.2725,0.221814624602592,0.3636,75,100,0.5,0.2559852
"693",0.3,0.3,0.3,0.24775,0.247421648142585,0.2484,75,100,0.5,0.2559852
"694",0.2,0.25,0.1,0.2472,0.261824006029772,0.2165,75,100,0.5,0.2559852
"695",0.35,0.333333333333333,0.4,0.2462,0.219681908548708,0.2935,75,100,0.5,0.2559852
"696",0.35,0.333333333333333,0.4,0.25255,0.255990533477961,0.2455,75,100,0.5,0.2559852
"697",0.25,0.272727272727273,0.2,0.23765,0.209436260936981,0.2862,75,100,0.5,0.2559852
"698",0.35,0.285714285714286,0.5,0.24975,0.252497280189892,0.2442,75,100,0.5,0.2559852
"699",0.25,0.142857142857143,0.4,0.2048,0.184750106791969,0.2366,75,100,0.5,0.2559852
"700",0.15,0.230769230769231,0,0.20495,0.20956787085343,0.197,75,100,0.5,0.2559852
"701",0.25,0.222222222222222,0.3,0.27845,0.258475962062575,0.3198,75,100,0.5,0.2559852
"702",0.25,0.222222222222222,0.3,0.2413,0.237200325071109,0.2491,75,100,0.5,0.2559852
"703",0.25,0.272727272727273,0.2,0.3055,0.306852035749752,0.302,75,100,0.5,0.2559852
"704",0.25,0.272727272727273,0.2,0.25535,0.262314194112504,0.2407,75,100,0.5,0.2559852
"705",0.3,0.25,0.4,0.3061,0.315614302015976,0.2803,75,100,0.5,0.2559852
"706",0.15,0.181818181818182,0.1,0.27655,0.284377110875229,0.2584,75,100,0.5,0.2559852
"707",0.4,0.375,0.5,0.2856,0.2045203969129,0.4228,75,100,0.5,0.2559852
"708",0.25,0.272727272727273,0.2,0.2462,0.259157335357753,0.2193,75,100,0.5,0.2559852
"709",0.15,0.181818181818182,0.1,0.2279,0.21028534923339,0.2583,75,100,0.5,0.2559852
"710",0.45,0.428571428571429,0.6,0.2126,0.156794841175066,0.2939,75,100,0.5,0.2559852
"711",0.25,0.142857142857143,0.4,0.257,0.244640605296343,0.2812,75,100,0.5,0.2559852
"712",0.15,0.111111111111111,0.2,0.2516,0.250652479421803,0.2535,75,100,0.5,0.2559852
"713",0.05,0.0909090909090909,0,0.18605,0.203848693519479,0.156,75,100,0.5,0.2559852
"714",0.4,0.4,0.4,0.29535,0.302518575702017,0.2772,75,100,0.5,0.2559852
"715",0.3,0.25,0.4,0.22,0.21169686985173,0.2344,75,100,0.5,0.2559852
"716",0.15,0.230769230769231,0,0.23555,0.200814571784138,0.2936,75,100,0.5,0.2559852
"717",0.3,0.333333333333333,0.2,0.20335,0.200987803648826,0.2073,75,100,0.5,0.2559852
"718",0.3,0,0.6,0.2679,0.238861386138614,0.3235,75,100,0.5,0.2559852
"719",0.3,0.3,0.3,0.2731,0.275079302141158,0.2687,75,100,0.5,0.2559852
"720",0.35,0.285714285714286,0.5,0.28215,0.233842394624313,0.3729,75,100,0.5,0.2559852
"721",0.1,0.1,0.1,0.22575,0.223621888541772,0.2296,75,100,0.5,0.2559852
"722",0.25,0.333333333333333,0,0.25455,0.290088086889592,0.1699,75,100,0.5,0.2559852
"723",0.25,0.272727272727273,0.2,0.2677,0.244725274725275,0.3127,75,100,0.5,0.2559852
"724",0.15,0.111111111111111,0.2,0.31885,0.295979276945602,0.3749,75,100,0.5,0.2559852
"725",0.45,0.444444444444444,0.5,0.24995,0.279749845855721,0.1823,75,100,0.5,0.2559852
"726",0.35,0.384615384615385,0.2,0.2481,0.258160522273426,0.2273,75,100,0.5,0.2559852
"727",0.35,0.333333333333333,0.4,0.3012,0.291132590880437,0.3253,75,100,0.5,0.2559852
"728",0.25,0.272727272727273,0.2,0.2898,0.304973093338282,0.2509,75,100,0.5,0.2559852
"729",0.15,0.181818181818182,0.1,0.21565,0.23756345177665,0.1739,75,100,0.5,0.2559852
"730",0.25,0.272727272727273,0.2,0.22465,0.238434501757386,0.1983,75,100,0.5,0.2559852
"731",0.25,0.222222222222222,0.3,0.21005,0.205365308403618,0.218,75,100,0.5,0.2559852
"732",0.15,0.111111111111111,0.2,0.22965,0.170425454102158,0.3195,75,100,0.5,0.2559852
"733",0.3,0.25,0.4,0.27405,0.245006206974382,0.331,75,100,0.5,0.2559852
"734",0.15,0.230769230769231,0,0.25535,0.248845087773329,0.2683,75,100,0.5,0.2559852
"735",0.4,0.4,0.4,0.2552,0.286088780146802,0.183,75,100,0.5,0.2559852
"736",0.2,0.2,0.2,0.2481,0.239611329336366,0.2644,75,100,0.5,0.2559852
"737",0.25,0.272727272727273,0.2,0.22955,0.257943256063725,0.1709,75,100,0.5,0.2559852
"738",0.25,0.272727272727273,0.2,0.255,0.233869215728872,0.2947,75,100,0.5,0.2559852
"739",0.15,0.111111111111111,0.2,0.27365,0.287484743216599,0.2411,75,100,0.5,0.2559852
"740",0.25,0.222222222222222,0.3,0.21935,0.206770452408317,0.2408,75,100,0.5,0.2559852
"741",0.2,0.2,0.2,0.22435,0.241586200431237,0.191,75,100,0.5,0.2559852
"742",0.35,0.285714285714286,0.5,0.29155,0.297247349479623,0.2775,75,100,0.5,0.2559852
"743",0.35,0.384615384615385,0.2,0.2715,0.273043305522447,0.2681,75,100,0.5,0.2559852
"744",0.45,0.428571428571429,0.6,0.2548,0.191261646940317,0.3577,75,100,0.5,0.2559852
"745",0.3,0.3,0.3,0.2961,0.287205176372365,0.317,75,100,0.5,0.2559852
"746",0.35,0.333333333333333,0.4,0.24665,0.258737263117798,0.2216,75,100,0.5,0.2559852
"747",0.4,0.375,0.5,0.2612,0.24660441426146,0.29,75,100,0.5,0.2559852
"748",0.35,0.363636363636364,0.3,0.22195,0.199892066918511,0.2587,75,100,0.5,0.2559852
"749",0.3,0.3,0.3,0.2983,0.303640965732087,0.2847,75,100,0.5,0.2559852
"750",0.2,0.2,0.2,0.2291,0.235035211267606,0.2179,75,100,0.5,0.2559852
"751",0.55,0.545454545454545,0.5,0.2588,0.275961359836522,0.2205,75,100,0.5,0.2559852
"752",0.2,0.2,0.2,0.18425,0.161466709552911,0.2179,75,100,0.5,0.2559852
"753",0.4,0.375,0.5,0.25345,0.203843843843844,0.3372,75,100,0.5,0.2559852
"754",0.2,0.2,0.2,0.2746,0.30662319835278,0.1918,75,100,0.5,0.2559852
"755",0.2,0.2,0.2,0.2332,0.188608776844071,0.3048,75,100,0.5,0.2559852
"756",0.2,0.2,0.2,0.21085,0.207130558087714,0.2172,75,100,0.5,0.2559852
"757",0.35,0.363636363636364,0.3,0.28705,0.288551285870321,0.2835,75,100,0.5,0.2559852
"758",0.15,0,0.3,0.27475,0.265389021976877,0.2947,75,100,0.5,0.2559852
"759",0.3,0.3,0.3,0.2407,0.209239739851985,0.2948,75,100,0.5,0.2559852
"760",0.45,0.466666666666667,0.2,0.291,0.297047970479705,0.2761,75,100,0.5,0.2559852
"761",0.3,0.25,0.4,0.2361,0.20414798206278,0.2901,75,100,0.5,0.2559852
"762",0.15,0.181818181818182,0.1,0.22475,0.222334308483809,0.2291,75,100,0.5,0.2559852
"763",0.3,0.25,0.4,0.22105,0.174009582797709,0.2932,75,100,0.5,0.2559852
"764",0.3,0.3,0.3,0.28535,0.288501330180313,0.2779,75,100,0.5,0.2559852
"765",0.45,0.461538461538462,0.3,0.305,0.314603536794067,0.2791,75,100,0.5,0.2559852
"766",0.25,0,0.5,0.2595,0.224954254345837,0.3223,75,100,0.5,0.2559852
"767",0.35,0.363636363636364,0.3,0.28025,0.293720078851028,0.2476,75,100,0.5,0.2559852
"768",0.15,0.181818181818182,0.1,0.24605,0.258303987817645,0.2207,75,100,0.5,0.2559852
"769",0.2,0,0.4,0.26575,0.219427476344472,0.3483,75,100,0.5,0.2559852
"770",0.4,0.333333333333333,0.6,0.26205,0.243006804190517,0.2991,75,100,0.5,0.2559852
"771",0.45,0.444444444444444,0.5,0.26525,0.265414210052963,0.2649,75,100,0.5,0.2559852
"772",0.2,0.285714285714286,0,0.2641,0.268952007835455,0.2536,75,100,0.5,0.2559852
"773",0.5,0.5,0.4,0.2356,0.23811410459588,0.2308,75,100,0.5,0.2559852
"774",0.35,0.333333333333333,0.4,0.2607,0.25964242667738,0.2629,75,100,0.5,0.2559852
"775",0.2,0.2,0.2,0.28195,0.242227213618631,0.359,75,100,0.5,0.2559852
"776",0.25,0.222222222222222,0.3,0.2491,0.215403811252269,0.3083,75,100,0.5,0.2559852
"777",0.2,0,0.4,0.2628,0.210166177908113,0.3536,75,100,0.5,0.2559852
"778",0.35,0.2,0.6,0.3507,0.321197604790419,0.4332,75,100,0.5,0.2559852
"779",0.15,0.111111111111111,0.2,0.23045,0.202647545504688,0.2772,75,100,0.5,0.2559852
"780",0.25,0.222222222222222,0.3,0.27135,0.237093250546165,0.3365,75,100,0.5,0.2559852
"781",0.2,0.125,0.3,0.2359,0.232962588473205,0.2414,75,100,0.5,0.2559852
"782",0.35,0.285714285714286,0.5,0.32965,0.257439840523993,0.4785,75,100,0.5,0.2559852
"783",0.15,0.230769230769231,0,0.2721,0.261810200668896,0.2937,75,100,0.5,0.2559852
"784",0.2,0.2,0.2,0.2145,0.243532159540065,0.1579,75,100,0.5,0.2559852
"785",0.25,0.142857142857143,0.4,0.25465,0.239349835334112,0.284,75,100,0.5,0.2559852
"786",0.2,0.25,0.1,0.2932,0.262680743630939,0.3575,75,100,0.5,0.2559852
"787",0.1,0.166666666666667,0,0.24705,0.256145763038658,0.2284,75,100,0.5,0.2559852
"788",0.35,0.333333333333333,0.4,0.23315,0.204648588821251,0.2814,75,100,0.5,0.2559852
"789",0.2,0.2,0.2,0.2767,0.27625250501002,0.2777,75,100,0.5,0.2559852
"790",0.25,0.222222222222222,0.3,0.2552,0.275206611570248,0.2107,75,100,0.5,0.2559852
"791",0.2,0.25,0.1,0.3014,0.331122448979592,0.2134,75,100,0.5,0.2559852
"792",0.25,0.272727272727273,0.2,0.24255,0.231962519521083,0.2623,75,100,0.5,0.2559852
"793",0.25,0.272727272727273,0.2,0.2369,0.208314855875831,0.2859,75,100,0.5,0.2559852
"794",0.2,0.25,0.1,0.271,0.292459670110567,0.2193,75,100,0.5,0.2559852
"795",0.15,0.181818181818182,0.1,0.2458,0.225900366616347,0.2821,75,100,0.5,0.2559852
"796",0.3,0,0.6,0.33545,0.268206789688689,0.4805,75,100,0.5,0.2559852
"797",0.15,0,0.3,0.21675,0.211411105450841,0.226,75,100,0.5,0.2559852
"798",0.15,0.230769230769231,0,0.22505,0.249977266527235,0.1752,75,100,0.5,0.2559852
"799",0.25,0.222222222222222,0.3,0.2068,0.217642526964561,0.1876,75,100,0.5,0.2559852
"800",0.4,0.416666666666667,0.3,0.31685,0.277811476404222,0.4047,75,100,0.5,0.2559852
"801",0.25,0.307692307692308,0.1,0.24925,0.241361526560083,0.2645,75,100,0.5,0.2559852
"802",0.15,0.230769230769231,0,0.22275,0.210806300198185,0.2434,75,100,0.5,0.2559852
"803",0.25,0.222222222222222,0.3,0.25695,0.231999117874077,0.3035,75,100,0.5,0.2559852
"804",0.15,0.181818181818182,0.1,0.19715,0.202065912444663,0.1889,75,100,0.5,0.2559852
"805",0.35,0.2,0.6,0.2468,0.227390180878553,0.2824,75,100,0.5,0.2559852
"806",0.3,0.3,0.3,0.24865,0.257874963876312,0.2296,75,100,0.5,0.2559852
"807",0.2,0,0.4,0.2487,0.245596274549504,0.2548,75,100,0.5,0.2559852
"808",0.3,0.3,0.3,0.32055,0.310125912601841,0.348,75,100,0.5,0.2559852
"809",0.1,0.166666666666667,0,0.24645,0.220174373689438,0.2934,75,100,0.5,0.2559852
"810",0.25,0.272727272727273,0.2,0.24755,0.249826578138936,0.243,75,100,0.5,0.2559852
"811",0.3,0.333333333333333,0.2,0.23115,0.243390283478095,0.2073,75,100,0.5,0.2559852
"812",0.2,0.2,0.2,0.22445,0.238790406673618,0.197,75,100,0.5,0.2559852
"813",0.15,0,0.3,0.2239,0.230739223717574,0.2112,75,100,0.5,0.2559852
"814",0.35,0.363636363636364,0.3,0.2666,0.278347578347578,0.2401,75,100,0.5,0.2559852
"815",0.25,0.307692307692308,0.1,0.19805,0.206074175021902,0.1844,75,100,0.5,0.2559852
"816",0.25,0.222222222222222,0.3,0.2492,0.21019181881211,0.3165,75,100,0.5,0.2559852
"817",0.25,0.272727272727273,0.2,0.24515,0.217742828663196,0.2937,75,100,0.5,0.2559852
"818",0.35,0.333333333333333,0.4,0.29945,0.25892535160476,0.3835,75,100,0.5,0.2559852
"819",0.35,0.363636363636364,0.3,0.2682,0.279783393501805,0.2419,75,100,0.5,0.2559852
"820",0.15,0.111111111111111,0.2,0.2228,0.186567164179104,0.2806,75,100,0.5,0.2559852
"821",0.1,0.1,0.1,0.27545,0.309525829162779,0.186,75,100,0.5,0.2559852
"822",0.35,0.333333333333333,0.4,0.3157,0.311746680286006,0.3262,75,100,0.5,0.2559852
"823",0.25,0,0.5,0.29425,0.278214940174625,0.3304,75,100,0.5,0.2559852
"824",0.3,0.25,0.4,0.2478,0.216182759396804,0.3035,75,100,0.5,0.2559852
"825",0.2,0.25,0.1,0.22775,0.260785519725859,0.1587,75,100,0.5,0.2559852
"826",0.3,0.357142857142857,0.1,0.2246,0.243813953488372,0.1871,75,100,0.5,0.2559852
"827",0.4,0.333333333333333,0.6,0.29765,0.294171498321636,0.3061,75,100,0.5,0.2559852
"828",0.15,0.111111111111111,0.2,0.2584,0.245040101308569,0.2846,75,100,0.5,0.2559852
"829",0.1,0.1,0.1,0.2195,0.214416615760538,0.2284,75,100,0.5,0.2559852
"830",0.25,0.307692307692308,0.1,0.2382,0.240380801269338,0.234,75,100,0.5,0.2559852
"831",0.35,0.333333333333333,0.4,0.26725,0.264875239923225,0.2723,75,100,0.5,0.2559852
"832",0.3,0.333333333333333,0.2,0.3021,0.288568376068376,0.3341,75,100,0.5,0.2559852
"833",0.2,0.125,0.3,0.2357,0.237119554406206,0.233,75,100,0.5,0.2559852
"834",0.3,0.357142857142857,0.1,0.28345,0.311810202485444,0.2081,75,100,0.5,0.2559852
"835",0.4,0.416666666666667,0.3,0.22975,0.263291582727512,0.1589,75,100,0.5,0.2559852
"836",0.3,0.25,0.4,0.29385,0.290348825383911,0.3022,75,100,0.5,0.2559852
"837",0.15,0.111111111111111,0.2,0.27925,0.281327389796929,0.2745,75,100,0.5,0.2559852
"838",0.25,0.222222222222222,0.3,0.24705,0.236537860639517,0.267,75,100,0.5,0.2559852
"839",0.25,0.272727272727273,0.2,0.25925,0.296199102683484,0.1686,75,100,0.5,0.2559852
"840",0.25,0.222222222222222,0.3,0.2521,0.263634630053394,0.2277,75,100,0.5,0.2559852
"841",0.2,0.285714285714286,0,0.235,0.228316588066434,0.2473,75,100,0.5,0.2559852
"842",0.35,0.285714285714286,0.5,0.27375,0.221743942934448,0.3672,75,100,0.5,0.2559852
"843",0.1,0.1,0.1,0.24925,0.189011534168424,0.3461,75,100,0.5,0.2559852
"844",0.25,0.222222222222222,0.3,0.2514,0.278668091168091,0.1898,75,100,0.5,0.2559852
"845",0.35,0.363636363636364,0.3,0.22,0.241363384444855,0.1787,75,100,0.5,0.2559852
"846",0.3,0.3,0.3,0.24915,0.243428454536156,0.2603,75,100,0.5,0.2559852
"847",0.25,0.307692307692308,0.1,0.264,0.291850414535191,0.1971,75,100,0.5,0.2559852
"848",0.25,0.272727272727273,0.2,0.2725,0.281669865642994,0.2515,75,100,0.5,0.2559852
"849",0.45,0.454545454545455,0.4,0.2543,0.249847281612706,0.2632,75,100,0.5,0.2559852
"850",0.35,0.384615384615385,0.2,0.23285,0.217809232069293,0.2595,75,100,0.5,0.2559852
"851",0.3,0.3,0.3,0.28905,0.311129017817173,0.2306,75,100,0.5,0.2559852
"852",0.3,0.3,0.3,0.25335,0.250833417516921,0.2584,75,100,0.5,0.2559852
"853",0.25,0,0.5,0.2326,0.256953281221596,0.1825,75,100,0.5,0.2559852
"854",0.15,0,0.3,0.22155,0.199330525861138,0.2585,75,100,0.5,0.2559852
"855",0.15,0.181818181818182,0.1,0.22015,0.223768630934755,0.2136,75,100,0.5,0.2559852
"856",0.3,0.333333333333333,0.2,0.2214,0.232988307456393,0.1997,75,100,0.5,0.2559852
"857",0.15,0.230769230769231,0,0.2317,0.252992082489413,0.1886,75,100,0.5,0.2559852
"858",0.1,0.1,0.1,0.19135,0.169220876647733,0.2248,75,100,0.5,0.2559852
"859",0.15,0.181818181818182,0.1,0.2025,0.198764682057513,0.2087,75,100,0.5,0.2559852
"860",0.2,0.2,0.2,0.2698,0.260806317539485,0.2886,75,100,0.5,0.2559852
"861",0.35,0.363636363636364,0.3,0.24815,0.281057115535078,0.173,75,100,0.5,0.2559852
"862",0.2,0.2,0.2,0.2188,0.201676214725228,0.2475,75,100,0.5,0.2559852
"863",0.35,0.333333333333333,0.4,0.2623,0.257547939616483,0.2721,75,100,0.5,0.2559852
"864",0.2,0.25,0.1,0.2125,0.242244934552627,0.1548,75,100,0.5,0.2559852
"865",0.25,0.272727272727273,0.2,0.262,0.251824817518248,0.2825,75,100,0.5,0.2559852
"866",0.15,0.111111111111111,0.2,0.2859,0.297637051039698,0.2569,75,100,0.5,0.2559852
"867",0.15,0,0.3,0.3029,0.318407960199005,0.2602,75,100,0.5,0.2559852
"868",0.35,0.363636363636364,0.3,0.2673,0.275991528686946,0.2479,75,100,0.5,0.2559852
"869",0.3,0.3,0.3,0.24495,0.267862018749431,0.1956,75,100,0.5,0.2559852
"870",0.2,0.125,0.3,0.20485,0.18060815929012,0.2428,75,100,0.5,0.2559852
"871",0.3,0.3,0.3,0.2406,0.227004841086087,0.2655,75,100,0.5,0.2559852
"872",0.2,0.2,0.2,0.26355,0.240876712328767,0.3073,75,100,0.5,0.2559852
"873",0.3,0.166666666666667,0.5,0.2989,0.243298442685729,0.4072,75,100,0.5,0.2559852
"874",0.35,0.333333333333333,0.4,0.25595,0.241390272332309,0.2841,75,100,0.5,0.2559852
"875",0.4,0.416666666666667,0.3,0.33985,0.359455901711277,0.2701,75,100,0.5,0.2559852
"876",0.15,0.181818181818182,0.1,0.21415,0.208999287386745,0.223,75,100,0.5,0.2559852
"877",0.35,0.363636363636364,0.3,0.2622,0.255349794238683,0.2762,75,100,0.5,0.2559852
"878",0.2,0.125,0.3,0.28135,0.253633802816901,0.3376,75,100,0.5,0.2559852
"879",0.25,0.222222222222222,0.3,0.26255,0.239266498298013,0.3072,75,100,0.5,0.2559852
"880",0.15,0.111111111111111,0.2,0.2761,0.266576313594662,0.2965,75,100,0.5,0.2559852
"881",0.25,0.142857142857143,0.4,0.26385,0.261681299828439,0.2684,75,100,0.5,0.2559852
"882",0.2,0.2,0.2,0.2438,0.235330578512397,0.2598,75,100,0.5,0.2559852
"883",0.3,0.333333333333333,0.2,0.25905,0.239203376988852,0.2971,75,100,0.5,0.2559852
"884",0.2,0.25,0.1,0.26305,0.277991192729317,0.2294,75,100,0.5,0.2559852
"885",0.15,0.181818181818182,0.1,0.2093,0.202029520295203,0.2215,75,100,0.5,0.2559852
"886",0.2,0.2,0.2,0.24575,0.25921015247656,0.2178,75,100,0.5,0.2559852
"887",0.3,0.3,0.3,0.2327,0.233764940239044,0.2307,75,100,0.5,0.2559852
"888",0.3,0.3,0.3,0.2544,0.233738074588031,0.2932,75,100,0.5,0.2559852
"889",0.35,0.333333333333333,0.4,0.30735,0.312250268005068,0.2943,75,100,0.5,0.2559852
"890",0.1,0.1,0.1,0.24315,0.236591118859604,0.2556,75,100,0.5,0.2559852
"891",0.05,0.0909090909090909,0,0.2173,0.198485494880546,0.2485,75,100,0.5,0.2559852
"892",0.25,0.307692307692308,0.1,0.2329,0.245909436834094,0.2073,75,100,0.5,0.2559852
"893",0.4,0.333333333333333,0.6,0.2336,0.212683347713546,0.27,75,100,0.5,0.2559852
"894",0.3,0.333333333333333,0.2,0.22125,0.226151881324295,0.2123,75,100,0.5,0.2559852
"895",0.3,0.333333333333333,0.2,0.22095,0.241261010662958,0.1817,75,100,0.5,0.2559852
"896",0.25,0.307692307692308,0.1,0.3018,0.333333333333333,0.2072,75,100,0.5,0.2559852
"897",0.15,0.111111111111111,0.2,0.25,0.227014632015724,0.2921,75,100,0.5,0.2559852
"898",0.2,0.25,0.1,0.23545,0.25642206058374,0.1924,75,100,0.5,0.2559852
"899",0.1,0.1,0.1,0.25895,0.231360748913407,0.3103,75,100,0.5,0.2559852
"900",0.3,0.3,0.3,0.23815,0.237335740796469,0.2397,75,100,0.5,0.2559852
"901",0.25,0.272727272727273,0.2,0.2674,0.272807188904083,0.2555,75,100,0.5,0.2559852
"902",0.25,0.307692307692308,0.1,0.25515,0.269466151963092,0.2241,75,100,0.5,0.2559852
"903",0.35,0.384615384615385,0.2,0.2697,0.215257171117705,0.3653,75,100,0.5,0.2559852
"904",0.45,0.428571428571429,0.6,0.348,0.342715231788079,0.3648,75,100,0.5,0.2559852
"905",0.4,0.375,0.5,0.28085,0.22072129476233,0.3885,75,100,0.5,0.2559852
"906",0.05,0.0909090909090909,0,0.22665,0.241903502974223,0.1971,75,100,0.5,0.2559852
"907",0.1,0.1,0.1,0.26875,0.237841514567509,0.3277,75,100,0.5,0.2559852
"908",0.05,0.0909090909090909,0,0.22815,0.185904101675332,0.2954,75,100,0.5,0.2559852
"909",0.25,0,0.5,0.2742,0.275189167662286,0.272,75,100,0.5,0.2559852
"910",0.3,0.25,0.4,0.26965,0.297530104596994,0.2008,75,100,0.5,0.2559852
"911",0.35,0.285714285714286,0.5,0.28255,0.252137239256811,0.3439,75,100,0.5,0.2559852
"912",0.35,0.4,0.1,0.2466,0.26748027160947,0.2017,75,100,0.5,0.2559852
"913",0.1,0.166666666666667,0,0.2518,0.291883280228073,0.1555,75,100,0.5,0.2559852
"914",0.25,0.142857142857143,0.4,0.2273,0.190956482320943,0.2861,75,100,0.5,0.2559852
"915",0.3,0.3,0.3,0.2208,0.222850903315466,0.2171,75,100,0.5,0.2559852
"916",0.35,0.384615384615385,0.2,0.24165,0.285477040604501,0.1395,75,100,0.5,0.2559852
"917",0.2,0.125,0.3,0.2153,0.218174618887349,0.2102,75,100,0.5,0.2559852
"918",0.2,0.2,0.2,0.28795,0.295219700627716,0.2702,75,100,0.5,0.2559852
"919",0.15,0.111111111111111,0.2,0.247,0.239443872296601,0.2615,75,100,0.5,0.2559852
"920",0.05,0.0909090909090909,0,0.2745,0.272910372608258,0.278,75,100,0.5,0.2559852
"921",0.35,0.285714285714286,0.5,0.2683,0.241117318435754,0.3208,75,100,0.5,0.2559852
"922",0.25,0.272727272727273,0.2,0.32575,0.301333941397788,0.3872,75,100,0.5,0.2559852
"923",0.25,0.222222222222222,0.3,0.2584,0.247227453442143,0.2805,75,100,0.5,0.2559852
"924",0.3,0,0.6,0.2708,0.231049049518892,0.3447,75,100,0.5,0.2559852
"925",0.2,0.25,0.1,0.22355,0.236287322331394,0.1994,75,100,0.5,0.2559852
"926",0.2,0.2,0.2,0.2579,0.271474419482726,0.2282,75,100,0.5,0.2559852
"927",0.25,0.222222222222222,0.3,0.26775,0.313708189620598,0.1444,75,100,0.5,0.2559852
"928",0.2,0.125,0.3,0.2393,0.27091388400703,0.1703,75,100,0.5,0.2559852
"929",0.3,0.25,0.4,0.2783,0.246570644718793,0.3409,75,100,0.5,0.2559852
"930",0.15,0.181818181818182,0.1,0.22515,0.223073047858942,0.2289,75,100,0.5,0.2559852
"931",0.15,0.181818181818182,0.1,0.2509,0.252484101748808,0.2477,75,100,0.5,0.2559852
"932",0.3,0.166666666666667,0.5,0.25835,0.185638090282295,0.374,75,100,0.5,0.2559852
"933",0.15,0.181818181818182,0.1,0.22295,0.224629758473313,0.2199,75,100,0.5,0.2559852
"934",0.25,0.272727272727273,0.2,0.33125,0.298363006332895,0.4128,75,100,0.5,0.2559852
"935",0.25,0.222222222222222,0.3,0.2842,0.290810391624661,0.2684,75,100,0.5,0.2559852
"936",0.2,0.2,0.2,0.2428,0.244537147397696,0.2394,75,100,0.5,0.2559852
"937",0.2,0.125,0.3,0.2301,0.200310903841883,0.2798,75,100,0.5,0.2559852
"938",0.2,0.25,0.1,0.2232,0.237032110963329,0.1969,75,100,0.5,0.2559852
"939",0.3,0.166666666666667,0.5,0.21985,0.205074218338773,0.2449,75,100,0.5,0.2559852
"940",0.25,0.272727272727273,0.2,0.2217,0.226405819897759,0.2131,75,100,0.5,0.2559852
"941",0.4,0.428571428571429,0.2,0.25755,0.292120380691074,0.1744,75,100,0.5,0.2559852
"942",0.2,0.25,0.1,0.2309,0.245266944339265,0.2027,75,100,0.5,0.2559852
"943",0.3,0.357142857142857,0.1,0.24205,0.232721997720443,0.2595,75,100,0.5,0.2559852
"944",0.05,0,0.1,0.20825,0.186862724052807,0.2424,75,100,0.5,0.2559852
"945",0.35,0.333333333333333,0.4,0.26015,0.274216323072578,0.229,75,100,0.5,0.2559852
"946",0.3,0.25,0.4,0.2743,0.237252619324796,0.3448,75,100,0.5,0.2559852
"947",0.2,0.25,0.1,0.2609,0.274220963172805,0.2314,75,100,0.5,0.2559852
"948",0.2,0.285714285714286,0,0.25075,0.252458039527262,0.2473,75,100,0.5,0.2559852
"949",0.35,0.363636363636364,0.3,0.28525,0.239159480140896,0.3736,75,100,0.5,0.2559852
"950",0.1,0.166666666666667,0,0.2583,0.267282880801078,0.239,75,100,0.5,0.2559852
"951",0.4,0.416666666666667,0.3,0.2337,0.269197434564049,0.1568,75,100,0.5,0.2559852
"952",0.2,0.2,0.2,0.2042,0.192834890965732,0.2227,75,100,0.5,0.2559852
"953",0.3,0.3,0.3,0.2181,0.221222310126582,0.2125,75,100,0.5,0.2559852
"954",0.25,0.307692307692308,0.1,0.3044,0.317809239940387,0.2676,75,100,0.5,0.2559852
"955",0.25,0.307692307692308,0.1,0.2578,0.258235176681972,0.2569,75,100,0.5,0.2559852
"956",0.2,0.125,0.3,0.2508,0.222123104371097,0.3024,75,100,0.5,0.2559852
"957",0.25,0.272727272727273,0.2,0.2493,0.272008002910149,0.1995,75,100,0.5,0.2559852
"958",0.25,0.222222222222222,0.3,0.22995,0.231373719287775,0.2273,75,100,0.5,0.2559852
"959",0.05,0.0909090909090909,0,0.28385,0.294982452812293,0.2567,75,100,0.5,0.2559852
"960",0.25,0.272727272727273,0.2,0.25395,0.267636226272547,0.2245,75,100,0.5,0.2559852
"961",0.5,0.5,0.4,0.27515,0.281720221337734,0.2601,75,100,0.5,0.2559852
"962",0.25,0.272727272727273,0.2,0.28115,0.294603472548099,0.2484,75,100,0.5,0.2559852
"963",0.3,0.25,0.4,0.3003,0.26180820610687,0.3811,75,100,0.5,0.2559852
"964",0.2,0.25,0.1,0.2275,0.252002184200946,0.1781,75,100,0.5,0.2559852
"965",0.2,0.25,0.1,0.20325,0.187467087941022,0.2285,75,100,0.5,0.2559852
"966",0.2,0.25,0.1,0.26855,0.252433415338539,0.3011,75,100,0.5,0.2559852
"967",0.1,0,0.2,0.2289,0.250918779860345,0.1847,75,100,0.5,0.2559852
"968",0.2,0.25,0.1,0.2123,0.250303766707169,0.1362,75,100,0.5,0.2559852
"969",0.4,0.4,0.4,0.39395,0.401522889776209,0.3555,75,100,0.5,0.2559852
"970",0.1,0.166666666666667,0,0.235,0.240957966764418,0.2235,75,100,0.5,0.2559852
"971",0.35,0.384615384615385,0.2,0.27415,0.273583959899749,0.2754,75,100,0.5,0.2559852
"972",0.35,0.384615384615385,0.2,0.25205,0.221748400852878,0.3065,75,100,0.5,0.2559852
"973",0.3,0.3,0.3,0.29825,0.263287574797606,0.3721,75,100,0.5,0.2559852
"974",0.3,0.333333333333333,0.2,0.23645,0.261255548509829,0.1845,75,100,0.5,0.2559852
"975",0.15,0.181818181818182,0.1,0.21865,0.208415379832107,0.2362,75,100,0.5,0.2559852
"976",0.3,0.166666666666667,0.5,0.24955,0.230147613403728,0.2855,75,100,0.5,0.2559852
"977",0.2,0.125,0.3,0.2317,0.246264422167581,0.203,75,100,0.5,0.2559852
"978",0.25,0.272727272727273,0.2,0.22735,0.245401064525166,0.1919,75,100,0.5,0.2559852
"979",0.3,0.25,0.4,0.30525,0.337070191583703,0.2076,75,100,0.5,0.2559852
"980",0.35,0.363636363636364,0.3,0.2056,0.181660899653979,0.2432,75,100,0.5,0.2559852
"981",0.35,0.384615384615385,0.2,0.3086,0.342624568327578,0.2005,75,100,0.5,0.2559852
"982",0.2,0.125,0.3,0.2513,0.233440514469453,0.2848,75,100,0.5,0.2559852
"983",0.3,0.25,0.4,0.3382,0.313465529167627,0.4045,75,100,0.5,0.2559852
"984",0.1,0,0.2,0.24765,0.247422680412371,0.2481,75,100,0.5,0.2559852
"985",0.25,0.222222222222222,0.3,0.25005,0.247907211296016,0.2543,75,100,0.5,0.2559852
"986",0.2,0.25,0.1,0.19685,0.188405797101449,0.2104,75,100,0.5,0.2559852
"987",0.3,0.3,0.3,0.18965,0.196063069239056,0.1791,75,100,0.5,0.2559852
"988",0.35,0.333333333333333,0.4,0.3003,0.309118715350793,0.2772,75,100,0.5,0.2559852
"989",0.15,0.111111111111111,0.2,0.22515,0.25444474224962,0.1655,75,100,0.5,0.2559852
"990",0.3,0.166666666666667,0.5,0.23955,0.175936294637302,0.3377,75,100,0.5,0.2559852
"991",0.15,0.181818181818182,0.1,0.23845,0.244605019041109,0.2264,75,100,0.5,0.2559852
"992",0.1,0.1,0.1,0.2188,0.182690137666441,0.2757,75,100,0.5,0.2559852
"993",0.15,0.181818181818182,0.1,0.25925,0.220804824307086,0.3281,75,100,0.5,0.2559852
"994",0.3,0.166666666666667,0.5,0.2198,0.22041508680902,0.2187,75,100,0.5,0.2559852
"995",0.5,0.5,0.4,0.2799,0.262464925534211,0.3166,75,100,0.5,0.2559852
"996",0.3,0.3,0.3,0.3033,0.316202578957204,0.2682,75,100,0.5,0.2559852
"997",0.4,0.25,0.7,0.28165,0.245601770942561,0.3525,75,100,0.5,0.2559852
"998",0.2,0.2,0.2,0.2875,0.296260786193672,0.266,75,100,0.5,0.2559852
"999",0.2,0.25,0.1,0.2406,0.255651846269781,0.2098,75,100,0.5,0.2559852
"1000",0.15,0.181818181818182,0.1,0.27925,0.245357019264044,0.3458,75,100,0.5,0.2559852
